Date,SHY,IEI,TLH,GOVT
2015-06-15,84.7,122.49,132.95,24.98
2015-06-16,84.73,122.68,133.6,25.0301
2015-06-17,84.79,122.9,133.39,25.079
2015-06-18,84.81,122.88,133.2,25.03
2015-06-19,84.83,123.19,134.17,25.11
2015-06-22,84.77,122.71,132.75,24.99
2015-06-23,84.75,122.56,132.3,24.95
2015-06-24,84.79,122.74,132.81,24.99
2015-06-25,84.77,122.53,132.31,24.96
2015-06-26,84.72,122.33,131.51,24.9
2015-06-29,84.86,123.04,133.4,25.06
2015-06-30,84.86,122.96,132.92,25.02
2015-07-01,84.75,122.49,131.82,24.92
2015-07-02,84.88,122.85,132.2,24.98
2015-07-06,84.9,123.27,133.6,25.09
2015-07-07,84.89,123.41,134.34,25.15
2015-07-08,84.98,123.62,134.87,25.21
2015-07-09,84.92,123.21,133.69,25.07
2015-07-10,84.84,122.79,132.33,24.98
2015-07-13,84.8,122.56,132.0743,24.925
2015-07-14,84.84,122.79,132.29,24.98
2015-07-15,84.87,123.03,133.15,25.03
2015-07-16,84.83,122.92,133.46,25.05
2015-07-17,84.81,122.84,133.62,25.06
2015-07-20,84.76,122.65,133.47,25.02
2015-07-21,84.77,122.83,133.97,25.04
2015-07-22,84.76,122.82,134.32,25.08
2015-07-23,84.77,123.06,135.15,25.145
2015-07-24,84.79,123.13,135.27,25.17
2015-07-27,84.85,123.43,135.719,25.21
2015-07-28,84.83,123.32,135.14,25.185
2015-07-29,84.81,123.18,134.79,25.15
2015-07-30,84.77,123.18,135.09,25.18
2015-07-31,84.86,123.65,135.99,25.2578
2015-08-03,84.85,123.6025,136.36,25.29
2015-08-04,84.72,123.14,135.47,25.2
2015-08-05,84.73,122.91,134.87,25.1392
2015-08-06,84.75,123.09,135.6779,25.21
2015-08-07,84.71,123.3,136.3,25.27
2015-08-10,84.71,123.13,135.5,25.2
2015-08-11,84.82,123.58,136.62,25.32
2015-08-12,84.82,123.64,136.41,25.31
2015-08-13,84.75,123.34,136.06,25.27
2015-08-14,84.71,123.23,135.94,25.25
2015-08-17,84.76,123.42,136.2,25.29
2015-08-18,84.75,123.34,135.76,25.25
2015-08-19,84.83,123.7899,136.6422,25.34
2015-08-20,84.8,123.86,137.1501,25.3701
2015-08-21,84.89,124.15,137.6,25.44
2015-08-24,84.93,124.45,137.58,25.43
2015-08-25,84.89,124.08,136.52,25.3699
2015-08-26,84.84,123.76,135.14,25.23
2015-08-27,84.85,123.73,135.2855,25.26
2015-08-28,84.81,123.65,135.34,25.22
2015-08-31,84.78,123.45,135.02,25.21
2015-09-01,84.77,123.59,135.46,25.23
2015-09-02,84.79,123.53,135.066,25.2
2015-09-03,84.79,123.7,135.41,25.24
2015-09-04,84.8,123.8,135.96,25.27
2015-09-08,84.77,123.52,135.02,25.18
2015-09-09,84.75,123.58,135.27,25.22
2015-09-10,84.78,123.5,134.86,25.19
2015-09-11,84.81,123.69,135.24,25.22
2015-09-14,84.79,123.76,135.38,25.25
2015-09-15,84.67,123.22,134.0101,25.09
2015-09-16,84.66,123.2,133.89,25.09
2015-09-17,84.85,123.89,135.1,25.21
2015-09-18,84.89,124.15,136.02,25.31
2015-09-21,84.84,123.83,134.94,25.2101
2015-09-22,84.89,124.15,135.9476,25.28
2015-09-23,84.86,124.06,135.8393,25.3
2015-09-24,84.91,124.18,136.2501,25.32
2015-09-25,84.87,124.04,135.95,25.27
2015-09-28,84.93,124.35,137.02,25.36
2015-09-29,84.97,124.56,137.44,25.43
2015-09-30,84.99,124.65,137.26,25.4139
2015-10-01,84.95,124.53,137.24,25.42
2015-10-02,85.07,124.97,138.0,25.49
2015-10-05,85.01,124.66,137.04,25.41
2015-10-06,85.0,124.76,137.38,25.43
2015-10-07,84.98,124.55,136.91,25.4
2015-10-08,84.96,124.38,136.45,25.36
2015-10-09,84.96,124.33,136.54,25.33
2015-10-12,84.94,124.57,137.1,25.4
2015-10-13,84.97,124.65,137.29,25.425
2015-10-14,85.09,125.12,138.15,25.52
2015-10-15,85.04,124.82,137.57,25.46
2015-10-16,85.0,124.74,137.58,25.45
2015-10-19,85.03,124.75,137.47,25.44
2015-10-20,84.98,124.51,136.82,25.38
2015-10-21,85.01,124.62,137.43,25.44
2015-10-22,85.04,124.77,137.463,25.447
2015-10-23,84.97,124.37,136.63,25.38
2015-10-26,84.97,124.5,137.0477,25.41
2015-10-27,85.0,124.67,137.34,25.45
2015-10-28,84.89,124.18,136.71,25.37
2015-10-29,84.83,123.85,135.73,25.28
2015-10-30,84.83,123.91,135.956,25.31
2015-11-02,84.74,123.51,135.34,25.21
2015-11-03,84.73,123.39,134.91,25.18
2015-11-04,84.64,123.15,134.77,25.15
2015-11-05,84.64,123.1,134.55,25.13
2015-11-06,84.56,122.63,133.42,25.0
2015-11-09,84.54,122.52,133.16,24.99
2015-11-10,84.58,122.75,133.4,25.02
2015-11-11,84.56,122.72,133.43,24.97
2015-11-12,84.59,122.76,133.67,25.03
2015-11-13,84.66,123.06,134.1423,25.09
2015-11-16,84.66,123.14,134.242,25.1
2015-11-17,84.63,123.09,134.33,25.11
2015-11-18,84.6,122.97,134.3,25.1
2015-11-19,84.58,123.08,134.7001,25.135
2015-11-20,84.58,123.01,134.48,25.11
2015-11-23,84.57,123.08,134.68,25.13
2015-11-24,84.57,123.16,134.84,25.15
2015-11-25,84.58,123.15,134.9,25.16
2015-11-27,84.6,123.25,134.99,25.13
2015-11-30,84.57,123.25,135.18,25.18
2015-12-01,84.58,123.43,135.84,25.22
2015-12-02,84.51,123.19,135.67,25.21
2015-12-03,84.51,122.64,133.818,25.03
2015-12-04,84.53,122.81,134.42,25.07
2015-12-07,84.52,122.98,135.04,25.13
2015-12-08,84.51,123.06,135.13,25.16
2015-12-09,84.54,123.22,135.26,25.14
2015-12-10,84.49,123.04,135.12,25.14
2015-12-11,84.59,123.59,136.445,25.28
2015-12-14,84.49,123.12,135.39,25.15
2015-12-15,84.48,122.9,134.702,25.09
2015-12-16,84.41,122.69,134.5,25.06
2015-12-17,84.41,122.86,135.28,25.14
2015-12-18,84.52,123.13,135.73,25.2
2015-12-21,84.51,123.17,135.8283,25.2
2015-12-22,84.49,122.96,135.17,25.1499
2015-12-23,84.46,122.81,134.73,25.11
2015-12-24,84.45,122.73,134.95,25.11
2015-12-28,84.4,122.78,134.98,25.13
2015-12-29,84.38,122.45,134.04,25.02
2015-12-30,84.4,122.48,134.04,25.03
2015-12-31,84.36,122.61,134.21,25.06
2016-01-04,84.47,122.86,134.87,25.12
2016-01-05,84.42,122.91,134.69,25.09
2016-01-06,84.47,123.27,135.82,25.19
2016-01-07,84.5,123.55,136.15,25.24
2016-01-08,84.56,123.8,136.5124,25.27
2016-01-11,84.59,123.65,135.8298,25.23
2016-01-12,84.6,123.88,136.75,25.31
2016-01-13,84.65,124.13,137.31,25.38
2016-01-14,84.67,124.1,136.79,25.335
2016-01-15,84.74,124.44,137.81,25.42
2016-01-19,84.73,124.32,137.52,25.41
2016-01-20,84.79,124.65,138.3,25.5
2016-01-21,84.78,124.53,137.96,25.46
2016-01-22,84.75,124.35,137.54,25.43
2016-01-25,84.75,124.48,137.98,25.46
2016-01-26,84.79,124.59,138.17,25.48
2016-01-27,84.81,124.67,138.07,25.47
2016-01-28,84.81,124.82,138.36,25.52
2016-01-29,84.91,125.24,139.18,25.6
2016-02-01,84.82,124.87,138.73,25.51
2016-02-02,84.93,125.38,140.0099,25.67
2016-02-03,84.95,125.41,139.59,25.63
2016-02-04,84.97,125.53,140.0,25.68
2016-02-05,84.95,125.54,140.06,25.69
2016-02-08,85.05,126.03,141.61,25.82
2016-02-09,85.02,125.99,141.51,25.82
2016-02-10,85.02,126.14,142.14,25.89
2016-02-11,85.1,126.34,142.9,25.96
2016-02-12,85.0,125.9,141.88,25.82
2016-02-16,84.95,125.74,141.06,25.76
2016-02-17,84.97,125.56,140.53,25.72
2016-02-18,85.04,125.85,141.33,25.8
2016-02-19,84.96,125.74,141.4,25.8
2016-02-22,84.97,125.71,141.33,25.78
2016-02-23,84.98,125.81,141.62,25.82
2016-02-24,85.0,125.85,141.45,25.8
2016-02-25,85.02,126.07,141.97,25.85
2016-02-26,84.91,125.73,141.2101,25.76
2016-02-29,84.96,125.78,141.54,25.805
2016-03-01,84.8,125.07,139.94,25.63
2016-03-02,84.79,124.96,139.94,25.62
2016-03-03,84.82,124.97,140.15,25.62
2016-03-04,84.76,124.79,139.53,25.59
2016-03-07,84.7,124.6,139.34,25.54
2016-03-08,84.76,125.0,140.53,25.66
2016-03-09,84.73,124.78,139.76,25.59
2016-03-10,84.72,124.45,139.37,25.54
2016-03-11,84.64,124.28,138.64,25.48
2016-03-14,84.64,124.26,138.79,25.48
2016-03-15,84.67,124.27,138.81,25.49
2016-03-16,84.84,124.79,139.52,25.59
2016-03-17,84.83,124.88,139.82,25.61
2016-03-18,84.85,125.14,140.09,25.65
2016-03-21,84.84,124.87,139.41,25.59
2016-03-22,84.79,124.73,139.22,25.56
2016-03-23,84.84,125.03,140.14,25.655
2016-03-24,84.8,124.96,139.91,25.64
2016-03-28,84.82,125.02,140.21,25.64
2016-03-29,84.98,125.56,141.45,25.77
2016-03-30,84.99,125.67,140.59,25.73
2016-03-31,85.03,125.95,141.52,25.8
2016-04-01,84.93,125.71,141.37,25.77
2016-04-04,84.99,125.81,141.45,25.78
2016-04-05,85.02,126.07,142.4,25.88
2016-04-06,84.99,125.96,141.75,25.84
2016-04-07,85.04,126.28,142.85,25.91
2016-04-08,85.04,126.19,142.33,25.89
2016-04-11,85.03,126.19,142.3675,25.87
2016-04-12,85.01,125.92,141.72,25.82
2016-04-13,84.97,125.86,141.91,25.8
2016-04-14,84.97,125.71,141.45,25.78
2016-04-15,85.03,125.92,142.06,25.83
2016-04-18,85.02,125.86,141.7426,25.8
2016-04-19,84.99,125.71,141.52,25.79
2016-04-20,84.93,125.43,140.55,25.71
2016-04-21,84.91,125.25,140.21,25.64
2016-04-22,84.91,125.22,140.0626,25.65
2016-04-25,84.89,125.1,139.62,25.61
2016-04-26,84.87,124.99,139.18,25.58
2016-04-27,84.93,125.37,140.17,25.67
2016-04-28,84.98,125.61,140.73,25.73
2016-04-29,85.01,125.63,140.77,25.71
2016-05-02,84.93,125.32,139.87,25.64
2016-05-03,85.02,125.72,140.84,25.74
2016-05-04,85.01,125.86,141.29,25.79
2016-05-05,85.04,126.03,141.83,25.82
2016-05-06,85.02,125.88,141.35,25.77
2016-05-09,85.06,126.09,141.73,25.83
2016-05-10,85.08,126.07,141.62,25.83
2016-05-11,85.05,126.06,142.14,25.85
2016-05-12,85.0,125.91,141.67,25.81
2016-05-13,85.01,126.05,142.44,25.88
2016-05-16,84.97,125.8,141.69,25.81
2016-05-17,84.94,125.65,141.73,25.79
2016-05-18,84.79,125.08,140.2801,25.65
2016-05-19,84.81,125.14,140.64,25.68
2016-05-20,84.84,125.25,140.72,25.695
2016-05-23,84.83,125.24,140.91,25.69
2016-05-24,84.77,125.07,140.45,25.65
2016-05-25,84.82,125.03,140.31,25.63
2016-05-26,84.87,125.36,140.95,25.705
2016-05-27,84.82,125.1,140.54,25.67
2016-05-31,84.86,125.22,140.95,25.705
2016-06-01,84.75,125.01,140.84,25.66
2016-06-02,84.82,125.2,141.53,25.73
2016-06-03,84.96,125.94,142.85,25.89
2016-06-06,84.94,125.79,142.39,25.84
2016-06-07,84.96,125.92,142.68,25.86
2016-06-08,84.98,125.94,143.01,25.89
2016-06-09,85.0,126.03,143.4,25.92
2016-06-10,85.05,126.28,143.9201,25.99
2016-06-13,85.07,126.51,144.43,26.03
2016-06-14,85.08,126.49,144.33,26.02
2016-06-15,85.18,126.83,144.72,26.07
2016-06-16,85.13,126.79,145.13,26.09
2016-06-17,85.14,126.67,144.51,26.06
2016-06-20,85.09,126.32,143.59,25.97
2016-06-21,85.03,126.18,143.33,25.93
2016-06-22,85.06,126.33,143.59,25.96
2016-06-23,85.03,125.97,142.65,25.87
2016-06-24,85.2,126.92,145.1,26.11
2016-06-27,85.28,127.44,146.97,26.28
2016-06-28,85.31,127.45,146.98,26.27
2016-06-29,85.28,127.21,146.32,26.22
2016-06-30,85.32,127.35,146.6,26.24
2016-07-01,85.3,127.41,147.41,26.3
2016-07-05,85.34,127.67,148.4,26.41
2016-07-06,85.3,127.62,148.35,26.41
2016-07-07,85.26,127.59,148.17,26.38
2016-07-08,85.26,127.62,148.56,26.43
2016-07-11,85.17,127.18,147.68,26.35
2016-07-12,85.14,126.85,146.4601,26.23
2016-07-13,85.16,126.97,147.21,26.29
2016-07-14,85.11,126.76,146.25,26.2
2016-07-15,85.07,126.52,145.42,26.13
2016-07-18,85.12,126.55,145.23,26.13
2016-07-19,85.13,126.73,145.85,26.17
2016-07-20,85.09,126.58,145.36,26.11
2016-07-21,85.15,126.8,145.59,26.16
2016-07-22,85.12,126.68,145.66,26.14
2016-07-25,85.06,126.55,145.51,26.14
2016-07-26,85.07,126.58,145.64,26.15
2016-07-27,85.13,126.89,146.46,26.23
2016-07-28,85.12,126.97,146.57,26.23
2016-07-29,85.23,127.29,147.34,26.33
2016-08-01,85.15,126.96,146.36,26.21
2016-08-02,85.12,126.83,145.8,26.16
2016-08-03,85.13,126.94,145.84,26.18
2016-08-04,85.19,127.12,146.249,26.23
2016-08-05,85.07,126.54,145.2125,26.11
2016-08-08,85.04,126.48,145.22,26.11
2016-08-09,85.09,126.75,146.0,26.18
2016-08-10,85.13,126.93,146.31,26.23
2016-08-11,85.05,126.52,145.53,26.14
2016-08-12,85.11,126.83,146.26,26.18
2016-08-15,85.09,126.62,145.46,26.15
2016-08-16,85.06,126.44,145.16,26.12
2016-08-17,85.06,126.56,145.44,26.16
2016-08-18,85.12,126.73,145.77,26.185
2016-08-19,85.04,126.43,145.18,26.12
2016-08-22,85.05,126.61,145.82,26.18
2016-08-23,85.06,126.62,145.85,26.18
2016-08-24,85.04,126.62,145.72,26.16
2016-08-25,85.01,126.43,145.33,26.13
2016-08-26,84.93,126.07,144.78,26.07
2016-08-29,84.98,126.38,145.56,26.15
2016-08-30,84.99,126.37,145.47,26.14
2016-08-31,84.98,126.24,145.48,26.11
2016-09-01,84.97,126.26,145.51,26.12
2016-09-02,84.97,126.15,144.84,26.07
2016-09-06,85.03,126.57,145.72,26.14
2016-09-07,85.03,126.54,145.86,26.13
2016-09-08,84.97,126.21,144.78,26.05
2016-09-09,84.94,125.95,143.68,25.96
2016-09-12,84.97,126.05,143.64,25.96
2016-09-13,84.94,125.87,142.92,25.9
2016-09-14,84.99,126.05,143.19,25.9
2016-09-15,85.06,126.2,143.05,25.92
2016-09-16,85.02,126.19,143.42,25.93
2016-09-19,85.0,126.09,143.1,25.91
2016-09-20,84.98,126.15,143.33,25.95
2016-09-21,85.0,126.21,143.82,25.99
2016-09-22,84.98,126.31,144.27,26.025
2016-09-23,85.03,126.4,144.28,26.05
2016-09-26,85.08,126.61,144.8,26.08
2016-09-27,85.09,126.7,145.35,26.12
2016-09-28,85.08,126.61,145.22,26.13
2016-09-29,85.11,126.71,145.43,26.13
2016-09-30,85.04,126.54,144.82,26.08
2016-10-03,84.98,126.26,144.28,26.02
2016-10-04,84.91,125.98,143.37,25.94
2016-10-05,84.86,125.85,142.9,25.895
2016-10-06,84.86,125.62,142.52,25.83
2016-10-07,84.89,125.74,142.66,25.87
2016-10-10,84.85,125.55,142.08,25.82
2016-10-11,84.84,125.52,142.07,25.8
2016-10-12,84.84,125.54,141.98,25.79
2016-10-13,84.87,125.75,142.5,25.845
2016-10-14,84.85,125.62,141.63,25.77
2016-10-17,84.92,125.78,142.04,25.82
2016-10-18,84.95,125.93,142.35,25.85
2016-10-19,84.95,125.95,142.48,25.85
2016-10-20,84.91,125.85,142.42,25.86
2016-10-21,84.93,125.88,142.56,25.86
2016-10-24,84.9,125.77,142.18,25.81
2016-10-25,84.9,125.77,142.28,25.82
2016-10-26,84.87,125.65,141.82,25.81
2016-10-27,84.89,125.44,141.08,25.73
2016-10-28,84.89,125.56,141.0,25.72
2016-10-31,84.95,125.62,141.33,25.77
2016-11-01,84.9,125.59,141.17,25.7375
2016-11-02,84.95,125.79,141.58,25.79
2016-11-03,84.96,125.81,141.3,25.73
2016-11-04,84.99,126.02,141.74,25.8
2016-11-07,84.96,125.7,141.1,25.73
2016-11-08,84.87,125.41,140.63,25.67
2016-11-09,84.76,124.56,137.55,25.4
2016-11-10,84.73,124.24,136.6,25.28
2016-11-11,84.73,124.03,136.31,25.24
2016-11-14,84.6,123.61,135.36,25.17
2016-11-15,84.63,123.55,135.61,25.17
2016-11-16,84.62,123.55,135.87,25.2
2016-11-17,84.61,123.3,134.92,25.13
2016-11-18,84.56,123.0,134.34,25.06
2016-11-21,84.55,123.02,134.63,25.06
2016-11-22,84.53,123.14,134.59,25.08
2016-11-23,84.48,122.77,134.15,25.03
2016-11-25,84.47,122.79,134.04,25.03
2016-11-28,84.52,123.04,134.73,25.09
2016-11-29,84.53,123.12,134.97,25.11
2016-11-30,84.5,122.74,133.73,24.99
2016-12-01,84.41,122.39,132.79,24.91
2016-12-02,84.5,122.76,133.51,24.98
2016-12-05,84.5,122.67,133.41,24.98
2016-12-06,84.48,122.77,133.54,24.965
2016-12-07,84.51,123.0,134.05,25.03
2016-12-08,84.5,122.81,133.25,24.97
2016-12-09,84.49,122.5,132.29,24.87
2016-12-12,84.46,122.52,132.39,24.91
2016-12-13,84.45,122.49,132.59,24.91
2016-12-14,84.29,121.78,131.34,24.77
2016-12-15,84.25,121.52,131.29,24.74
2016-12-16,84.29,121.66,131.26,24.75
2016-12-19,84.33,121.99,132.18,24.83
2016-12-20,84.34,121.89,131.8,24.81
2016-12-21,84.38,121.97,132.0,24.84
2016-12-22,84.34,121.83,131.69,24.805
2016-12-23,84.34,121.94,131.87,24.81
2016-12-27,84.3,121.78,131.59,24.77
2016-12-28,84.33,122.04,132.3293,24.855
2016-12-29,84.42,122.33,132.61,24.89
2016-12-30,84.45,122.51,132.93,24.93
2017-01-03,84.38,122.48,133.1,24.93
2017-01-04,84.4,122.56,133.39,24.95
2017-01-05,84.46,122.93,134.5,25.08
2017-01-06,84.39,122.59,133.73,25.0
2017-01-09,84.46,122.83,134.39,25.05
2017-01-10,84.43,122.85,134.39,25.04
2017-01-11,84.47,122.85,134.51,25.06
2017-01-12,84.5,122.97,134.59,25.08
2017-01-13,84.46,122.78,134.2,25.025
2017-01-17,84.52,123.2,135.04,25.14
2017-01-18,84.44,122.66,133.87,25.01
2017-01-19,84.41,122.47,133.31,24.96
2017-01-20,84.46,122.61,133.26,24.97
2017-01-23,84.54,122.99,134.06,25.05
2017-01-24,84.49,122.73,133.42,24.99
2017-01-25,84.47,122.43,132.59,24.92
2017-01-26,84.48,122.54,132.82,24.94
2017-01-27,84.52,122.6,133.1117,24.96
2017-01-30,84.52,122.63,132.96,24.96
2017-01-31,84.54,122.87,133.54,25.01
2017-02-01,84.46,122.57,133.14,24.945
2017-02-02,84.49,122.62,133.04,24.95
2017-02-03,84.46,122.67,133.06,24.95
2017-02-06,84.55,123.04,133.9,25.04
2017-02-07,84.53,123.09,134.19,25.06
2017-02-08,84.61,123.37,135.01,25.15
2017-02-09,84.54,123.0,134.15,25.06
2017-02-10,84.53,122.94,134.035,25.05
2017-02-13,84.51,122.83,133.7,25.01
2017-02-14,84.45,122.48,133.14,24.95
2017-02-15,84.42,122.36,132.87,24.9
2017-02-16,84.46,122.7,133.4,24.96
2017-02-17,84.52,122.91,133.86,25.01
2017-02-21,84.53,122.85,133.849,25.02
2017-02-22,84.55,122.96,133.9442,25.03
2017-02-23,84.59,123.16,134.37,25.065
2017-02-24,84.63,123.46,135.2,25.16
2017-02-27,84.56,123.16,134.72,25.08
2017-02-28,84.52,123.05,134.8,25.08
2017-03-01,84.4,122.37,133.3,24.91
2017-03-02,84.31,122.17,132.96,24.89
2017-03-03,84.33,122.27,133.02,24.89
2017-03-06,84.35,122.29,132.9,24.89
2017-03-07,84.32,122.13,132.69,24.845
2017-03-08,84.25,121.93,131.99,24.8
2017-03-09,84.24,121.7,131.39,24.73
2017-03-10,84.29,121.89,131.69,24.78
2017-03-13,84.25,121.74,131.25,24.73
2017-03-14,84.24,121.8,131.42,24.78
2017-03-15,84.4,122.44,132.65,24.88
2017-03-16,84.34,122.22,132.23,24.86
2017-03-17,84.38,122.41,132.81,24.89
2017-03-20,84.4259,122.5788,133.2284,24.9379
2017-03-21,84.47,122.83,133.83,25.0
2017-03-22,84.49,122.92,134.233,25.04
2017-03-23,84.49,122.87,134.09,25.03
2017-03-24,84.49,122.88,134.28,25.03
2017-03-27,84.52,123.04,134.66,25.07
2017-03-28,84.48,122.79,134.18,25.03
2017-03-29,84.53,123.01,134.65,25.07
2017-03-30,84.51,122.85,134.12,25.01
2017-03-31,84.52,123.05,134.41,25.05
2017-04-03,84.54,123.23,135.02,25.1
2017-04-04,84.51,123.14,134.79,25.08
2017-04-05,84.51,123.39,135.15,25.11
2017-04-06,84.53,123.28,135.0,25.11
2017-04-07,84.42,122.97,134.57,25.06
2017-04-10,84.46,123.12,134.95,25.09
2017-04-11,84.54,123.46,135.72,25.17
2017-04-12,84.6,123.69,136.19,25.22
2017-04-13,84.64,123.91,136.48,25.28
2017-04-17,84.63,123.83,136.36,25.24
2017-04-18,84.7,124.25,137.38,25.36
2017-04-19,84.66,124.03,136.86,25.31
2017-04-20,84.65,123.9,136.59,25.27
2017-04-21,84.69,123.99,136.65,25.27
2017-04-24,84.6,123.8,136.13,25.22
2017-04-25,84.52,123.43,135.19,25.14
2017-04-26,84.55,123.61,135.69,25.18
2017-04-27,84.58,123.69,135.76,25.2
2017-04-28,84.62,123.72,135.95,25.2
2017-05-01,84.5,123.48,135.27,25.13
2017-05-02,84.53,123.64,135.687,25.17
2017-05-03,84.47,123.42,135.31,25.14
2017-05-04,84.46,123.28,134.89,25.1
2017-05-05,84.49,123.31,134.84,25.1
2017-05-08,84.45,123.14,134.48,25.07
2017-05-09,84.41,123.08,134.25,25.03
2017-05-10,84.43,123.03,134.18,25.04
2017-05-11,84.44,123.14,134.18,25.06
2017-05-12,84.54,123.51,134.96,25.13
2017-05-15,84.53,123.46,134.84,25.11
2017-05-16,84.53,123.53,135.02,25.15
2017-05-17,84.62,124.07,136.48,25.29
2017-05-18,84.58,123.96,136.43,25.28
2017-05-19,84.6,123.96,136.53,25.27
2017-05-22,84.57,123.91,136.3,25.25
2017-05-23,84.54,123.68,135.84,25.19
2017-05-24,84.59,123.93,136.2501,25.24
2017-05-25,84.59,123.92,136.35,25.25
2017-05-26,84.58,123.96,136.37,25.27
2017-05-30,84.61,124.11,136.92,25.31
2017-05-31,84.62,124.11,137.02,25.32
2017-06-01,84.54,123.94,136.69,25.29
2017-06-02,84.6,124.22,137.69,25.36
2017-06-05,84.53,124.06,137.24,25.33
2017-06-06,84.56,124.3,137.81,25.39
2017-06-07,84.53,124.12,137.5,25.33
2017-06-08,84.51,124.01,137.28,25.32
2017-06-09,84.48,123.94,137.13,25.3
2017-06-12,84.47,123.93,137.1,25.28
2017-06-13,84.47,123.95,137.04,25.29
2017-06-14,84.51,124.24,138.18,25.4
2017-06-15,84.48,124.06,138.0,25.37
2017-06-16,84.52,124.15,138.12,25.38
2017-06-19,84.47,123.94,137.72,25.34
2017-06-20,84.48,124.06,138.32,25.4
2017-06-21,84.49,124.09,138.38,25.41
2017-06-22,84.5,124.15,138.52,25.42
2017-06-23,84.55,124.18,138.52,25.42
2017-06-26,84.55,124.23,138.6725,25.45
2017-06-27,84.5,123.91,137.72,25.36
2017-06-28,84.54,123.98,137.4,25.37
2017-06-29,84.49,123.75,136.77,25.31
2017-06-30,84.49,123.57,136.4,25.26
2017-07-03,84.36,123.18,135.67,25.18
2017-07-05,84.39,123.24,135.87,25.18
2017-07-06,84.41,123.15,135.34,25.15
2017-07-07,84.4,123.1,135.05,25.12
2017-07-10,84.44,123.23,135.15,25.15
2017-07-11,84.47,123.35,135.33,25.15
2017-07-12,84.51,123.57,135.87,25.21
2017-07-13,84.47,123.48,135.55,25.19
2017-07-14,84.51,123.63,135.77,25.21
2017-07-17,84.52,123.67,136.0,25.22
2017-07-18,84.54,123.9,136.65,25.29
2017-07-19,84.54,123.88,136.6336,25.3
2017-07-20,84.54,123.88,136.71,25.3
2017-07-21,84.58,124.03,137.1479,25.35
2017-07-24,84.55,123.91,136.92,25.3
2017-07-25,84.5,123.56,135.85,25.21
2017-07-26,84.56,123.87,136.25,25.27
2017-07-27,84.54,123.78,135.88,25.22
2017-07-28,84.59,123.92,136.3076,25.26
2017-07-31,84.58,123.88,136.33,25.27
2017-08-01,84.54,123.93,136.62,25.29
2017-08-02,84.5,123.83,136.57,25.285
2017-08-03,84.53,124.02,137.38,25.34
2017-08-04,84.5,123.88,136.67,25.295
2017-08-07,84.53,123.91,136.78,25.3
2017-08-08,84.53,123.84,136.6,25.29
2017-08-09,84.52,123.95,137.03,25.32
2017-08-10,84.55,124.18,137.583,25.385
2017-08-11,84.66,124.36,137.7,25.405
2017-08-14,84.59,124.17,137.26,25.365
2017-08-15,84.55,123.94,136.85,25.32
2017-08-16,84.6,124.1,137.16,25.345
2017-08-17,84.62,124.31,137.78,25.41
2017-08-18,84.61,124.31,137.79,25.41
2017-08-21,84.63,124.34,137.97,25.43
2017-08-22,84.62,124.2,137.58,25.39
2017-08-23,84.7,124.45,138.27,25.45
2017-08-24,84.62,124.28,137.91,25.41
2017-08-25,84.65,124.38,138.25,25.45
2017-08-28,84.62,124.46,138.38,25.46
2017-08-29,84.66,124.63,138.7556,25.48
2017-08-30,84.68,124.56,138.65,25.48
2017-08-31,84.68,124.66,138.97,25.5
2017-09-01,84.59,124.29,138.2,25.415
2017-09-05,84.67,124.81,139.54,25.535
2017-09-06,84.66,124.52,138.82,25.495
2017-09-07,84.71,124.95,139.89,25.57
2017-09-08,84.69,124.88,139.77,25.57
2017-09-11,84.61,124.56,138.69,25.47
2017-09-12,84.57,124.3,138.2,25.42
2017-09-13,84.55,124.17,137.87,25.385
2017-09-14,84.56,124.17,138.0332,25.4
2017-09-15,84.55,124.08,137.98,25.38
2017-09-18,84.5,123.97,137.55,25.345
2017-09-19,84.51,123.91,137.34,25.33
2017-09-20,84.44,123.66,137.16,25.31
2017-09-21,84.42,123.65,137.05,25.295
2017-09-22,84.44,123.78,137.36,25.31
2017-09-25,84.49,123.96,137.98,25.37
2017-09-26,84.47,123.87,137.82,25.35
2017-09-27,84.46,123.62,136.6924,25.255
2017-09-28,84.47,123.69,136.54,25.26
2017-09-29,84.45,123.51,136.43,25.24
2017-10-02,84.44,123.28,136.16,25.18
2017-10-03,84.39,123.44,136.34,25.2
2017-10-04,84.55,123.37,136.32,25.215
2017-10-05,84.37,123.31,136.035,25.185
2017-10-06,84.34,123.22,135.76,25.15
2017-10-09,84.34,123.3,136.04,25.18
2017-10-10,84.36,123.32,136.17,25.2
2017-10-11,84.35,123.35,136.2143,25.195
2017-10-12,84.34,123.39,136.65,25.22
2017-10-13,84.39,123.6,137.25,25.26
2017-10-16,84.31,123.4,137.04,25.25
2017-10-17,84.32,123.34,137.01,25.25
2017-10-18,84.29,123.19,136.51,25.2
2017-10-19,84.34,123.3,136.69,25.22
2017-10-20,84.29,123.01,135.9,25.15
2017-10-23,84.29,123.11,136.0395,25.16
2017-10-24,84.27,122.96,135.4894,25.11
2017-10-25,84.25,122.89,135.1607,25.08
2017-10-26,84.25,122.79,134.91,25.05
2017-10-27,84.31,123.02,135.33,25.1
2017-10-30,84.35,123.23,136.1078,25.17
2017-10-31,84.3,123.12,136.1,25.14
2017-11-01,84.21,122.97,136.06,25.14
2017-11-02,84.23,123.06,136.47,25.18
2017-11-03,84.18,123.13,136.71,25.205
2017-11-06,84.23,123.2,136.96,25.21
2017-11-07,84.19,123.16,137.11,25.23
2017-11-08,84.18,123.07,136.87,25.22
2017-11-09,84.17,123.08,136.65,25.21
2017-11-10,84.14,122.83,135.64,25.115
2017-11-13,84.13,122.73,135.71,25.11
2017-11-14,84.15,122.81,136.07,25.14
2017-11-15,84.12,122.97,136.8324,25.22
2017-11-16,84.13,122.82,136.21,25.14
2017-11-17,84.08,122.88,136.57,25.18
2017-11-20,84.05,122.71,136.4,25.16
2017-11-21,84.03,122.61,136.46,25.16
2017-11-22,84.1,122.93,136.8899,25.23
2017-11-24,84.1,122.85,136.6969,25.19
2017-11-27,84.1,122.92,136.73,25.22
2017-11-28,84.11,122.9,136.78,25.2
2017-11-29,84.085,122.72,136.12,25.15
2017-11-30,84.04,122.5,135.68,25.09
2017-12-01,83.98,122.52,136.42,25.15
2017-12-04,83.93,122.43,136.3,25.125
2017-12-05,83.92,122.44,136.67,25.16
2017-12-06,83.96,122.58,136.98,25.18
2017-12-07,83.97,122.47,136.49,25.15
2017-12-08,83.97,122.48,136.34,25.145
2017-12-11,83.93,122.39,136.26,25.13
2017-12-12,83.93,122.34,136.069,25.1
2017-12-13,84.02,122.64,136.75,25.19
2017-12-14,83.99,122.54,136.87,25.19
2017-12-15,83.95,122.46,137.0,25.19
2017-12-18,83.95,122.41,136.42,25.145
2017-12-19,83.91,122.12,135.42,25.06
2017-12-20,83.92,122.02,134.74,24.985
2017-12-21,83.82,121.82,134.795,24.98
2017-12-22,83.79,121.84,134.93,24.96
2017-12-26,83.78,121.85,135.1,25.0
2017-12-27,83.82,122.13,136.04,25.08
2017-12-28,83.83,122.06,135.87,25.08
2017-12-29,83.85,122.16,136.01,25.08
2018-01-02,83.82,121.99,135.39,25.01
2018-01-03,83.82,122.02,135.64,25.03
2018-01-04,83.78,121.9,135.62,25.02
2018-01-05,83.78,121.83,135.38,25.01
2018-01-08,83.78,121.82,135.28,25.0
2018-01-09,83.75,121.57,134.23,24.91
2018-01-10,83.78,121.58,134.13,24.9
2018-01-11,83.75,121.62,134.35,24.92
2018-01-12,83.74,121.55,134.38,24.92
2018-01-16,83.73,121.54,134.61,24.96
2018-01-17,83.7,121.35,134.33,24.91
2018-01-18,83.68,121.22,133.6,24.865
2018-01-19,83.71,121.06,133.14,24.825
2018-01-22,83.67,121.01,133.15,24.815
2018-01-23,83.72,121.24,133.63,24.865
2018-01-24,83.7,121.13,133.2,24.82
2018-01-25,83.68,121.24,133.71,24.88
2018-01-26,83.63,120.98,133.27,24.82
2018-01-29,83.6,120.84,132.77,24.79
2018-01-30,83.61,120.76,132.3,24.74
2018-01-31,83.61,120.67,132.47,24.75
2018-02-01,83.49,120.52,131.23,24.62
2018-02-02,83.5,120.14,130.58,24.57
2018-02-05,83.65,120.73,131.7,24.53
2018-02-06,83.59,120.38,131.0,24.63
2018-02-07,83.53,120.22,130.2501,24.56
2018-02-08,83.54,120.38,130.25,24.59
2018-02-09,83.61,120.4,129.85,24.56
2018-02-12,83.57,120.29,130.15,24.565
2018-02-13,83.57,120.4,130.39,24.59
2018-02-14,83.45,119.89,129.42,24.48
2018-02-15,83.42,119.91,129.64,24.49
2018-02-16,83.44,120.06,130.04,24.53
2018-02-20,83.43,119.98,129.77,24.5
2018-02-21,83.44,119.8,128.96,24.44
2018-02-22,83.45,119.95,129.26,24.47
2018-02-23,83.47,120.14,129.96,24.51
2018-02-26,83.48,120.22,130.04,24.54
2018-02-27,83.42,119.97,129.71,24.49
2018-02-28,83.44,120.06,130.19,24.54
2018-03-01,83.47,120.26,130.63,24.58
2018-03-02,83.43,120.02,129.93,24.52
2018-03-05,83.425,119.98,129.72,24.5
2018-03-06,83.41,119.94,129.8,24.5
2018-03-07,83.41,119.94,129.76,24.495
2018-03-08,83.43,120.08,130.23,24.53
2018-03-09,83.39,119.96,129.76,24.49
2018-03-12,83.43,120.08,130.2,24.53
2018-03-13,83.45,120.15,130.59,24.555
2018-03-14,83.44,120.25,131.09,24.605
2018-03-15,83.45,120.23,131.07,24.6
2018-03-16,83.41,120.13,130.76,24.575
2018-03-19,83.41,120.08,130.59,24.56
2018-03-20,83.38,119.9,130.2,24.51
2018-03-21,83.44,120.0,130.29,24.54
2018-03-22,83.48,120.24,131.09,24.61
2018-03-23,83.5,120.37,131.1,24.625
2018-03-26,83.46,120.18,130.76,24.585
2018-03-27,83.52,120.54,131.73,24.675
2018-03-28,83.53,120.49,131.82,24.655
2018-03-29,83.56,120.62,132.28,24.69
2018-04-02,83.49,120.53,132.19,24.7
2018-04-03,83.45,120.31,131.56,24.64
2018-04-04,83.4,120.26,131.46,24.62
2018-04-05,83.42,120.12,130.89,24.58
2018-04-06,83.49,120.43,131.75,24.67
2018-04-09,83.48,120.42,131.7414,24.67
2018-04-10,83.44,120.26,131.63,24.64
2018-04-11,83.44,120.29,131.81,24.66
2018-04-12,83.39,120.05,131.2,24.6
2018-04-13,83.37,120.04,131.32,24.6
2018-04-16,83.36,120.01,131.29,24.6
2018-04-17,83.36,120.03,131.5,24.615
2018-04-18,83.29,119.75,130.7699,24.54
2018-04-19,83.29,119.63,130.15,24.49
2018-04-20,83.26,119.4,129.52,24.43
2018-04-23,83.25,119.32,129.47,24.42
2018-04-24,83.27,119.28,129.17,24.4
2018-04-25,83.26,119.22,128.68,24.37
2018-04-26,83.275,119.36,129.23,24.41
2018-04-27,83.3,119.46,129.6801,24.44
2018-04-30,83.27,119.52,129.95,24.46
2018-05-01,83.13,119.18,129.36,24.39
2018-05-02,83.16,119.26,129.36,24.39
2018-05-03,83.22,119.44,129.76,24.45
2018-05-04,83.19,119.44,129.8,24.44
2018-05-07,83.19,119.4,129.71,24.445
2018-05-08,83.195,119.31,129.52,24.43
2018-05-09,83.16,119.17,129.0083,24.36
2018-05-10,83.16,119.25,129.49,24.43
2018-05-11,83.16,119.23,129.49,24.41
2018-05-14,83.16,119.16,129.125,24.38
2018-05-15,83.11,118.8,128.12,24.29
2018-05-16,83.11,118.68,127.78,24.27
2018-05-17,83.13,118.73,127.56,24.265
2018-05-18,83.17,118.96,128.21,24.32
2018-05-21,83.17,118.99,128.31,24.335
2018-05-22,83.17,118.98,128.24,24.32
2018-05-23,83.24,119.28,128.95,24.39
2018-05-24,83.29,119.45,129.46,24.43
2018-05-25,83.36,119.78,130.1,24.53
2018-05-29,83.6,120.57,131.99,24.7
2018-05-30,83.5,120.22,131.34,24.63
2018-05-31,83.46,120.21,131.27,24.61
2018-06-01,83.27,119.68,130.45,24.51
2018-06-04,83.2,119.4,129.8,24.44
2018-06-05,83.25,119.62,130.16,24.48
2018-06-06,83.22,119.36,129.46,24.42
2018-06-07,83.3,119.64,130.19,24.49
2018-06-08,83.28,119.54,129.88,24.47
2018-06-11,83.25,119.46,129.75,24.45
2018-06-12,83.21,119.4,129.67,24.44
2018-06-13,83.17,119.28,129.59,24.42
2018-06-14,83.2,119.44,130.2252,24.495
2018-06-15,83.24,119.48,130.32,24.49
2018-06-18,83.26,119.53,130.35,24.49
2018-06-19,83.29,119.7,130.82,24.54
2018-06-20,83.25,119.52,130.16,24.48
2018-06-21,83.3,119.68,130.64,24.53
2018-06-22,83.31,119.72,130.67,24.54
2018-06-25,83.34,119.83,130.89,24.55
2018-06-26,83.34,119.87,130.93,24.56
2018-06-27,83.39,120.13,131.63,24.66
2018-06-28,83.39,120.03,131.5282,24.62
2018-06-29,83.37,120.0,131.37,24.625
2018-07-02,83.23,119.7,130.95,24.55
2018-07-03,83.26,119.87,131.47,24.59
2018-07-05,83.25,119.84,131.56,24.62
2018-07-06,83.27,119.94,131.81,24.63
2018-07-09,83.22,119.78,131.28,24.58
2018-07-10,83.21,119.69,131.23,24.57
2018-07-11,83.24,119.83,131.4747,24.6
2018-07-12,83.23,119.8,131.47,24.6
2018-07-13,83.25,119.95,131.74,24.63
2018-07-16,83.23,119.8,131.37,24.6
2018-07-17,83.215,119.76,131.25,24.58
2018-07-18,83.21,119.72,131.05,24.57
2018-07-19,83.25,119.95,131.55,24.62
2018-07-20,83.25,119.79,130.77,24.57
2018-07-23,83.2,119.5,129.81,24.48
2018-07-24,83.21,119.51,129.99,24.49
2018-07-25,83.18,119.45,129.75,24.46
2018-07-26,83.18,119.33,129.61,24.44
2018-07-27,83.19,119.45,129.83,24.46
2018-07-30,83.19,119.41,129.57,24.44
2018-07-31,83.19,119.47,129.96,24.47
2018-08-01,83.06,119.11,129.12,24.38
2018-08-02,83.11,119.26,129.3,24.4
2018-08-03,83.12,119.47,129.71,24.44
2018-08-06,83.14,119.51,129.81,24.45
2018-08-07,83.11,119.33,129.44,24.42
2018-08-08,83.12,119.4,129.5,24.44
2018-08-09,83.17,119.57,130.1,24.48
2018-08-10,83.25,119.88,130.82,24.57
2018-08-13,83.23,119.9,130.765,24.55
2018-08-14,83.23,119.8,130.565,24.53
2018-08-15,83.27,119.99,131.05,24.57
2018-08-16,83.25,119.95,130.97,24.57
2018-08-17,83.28,119.95,131.02,24.6
2018-08-20,83.33,120.2,131.64,24.63
2018-08-21,83.31,120.09,131.3935,24.61
2018-08-22,83.33,120.21,131.75,24.64
2018-08-23,83.32,120.17,131.8,24.65
2018-08-24,83.33,120.15,131.89,24.65
2018-08-27,83.3,120.03,131.45,24.62
2018-08-28,83.27,119.86,130.99,24.57
2018-08-29,83.26,119.8,131.0184,24.58
2018-08-30,83.32,119.98,131.26,24.62
2018-08-31,83.34,120.07,131.24,24.61
2018-09-04,83.19,119.75,130.48,24.53
2018-09-05,83.19,119.74,130.36,24.52
2018-09-06,83.22,119.89,130.71,24.55
2018-09-07,83.13,119.52,129.93,24.47
2018-09-10,83.14,119.54,130.04,24.48
2018-09-11,83.09,119.29,129.48,24.42
2018-09-12,83.09,119.35,129.65,24.43
2018-09-13,83.1,119.33,129.69,24.42
2018-09-14,83.07,119.17,129.35,24.39
2018-09-17,83.05,119.22,129.41,24.4
2018-09-18,83.04,118.98,128.52,24.34
2018-09-19,83.02,118.89,128.18,24.3
2018-09-20,83.05,118.92,128.37,24.32
2018-09-21,83.03,118.94,128.44,24.33
2018-09-24,83.03,118.9,128.2436,24.31
2018-09-25,83.04,118.84,128.09,24.3
2018-09-26,83.05,119.04,128.6152,24.35
2018-09-27,83.05,119.03,128.7,24.35
2018-09-28,83.09,119.07,128.57,24.34
2018-10-01,82.93,118.75,127.78,24.25
2018-10-02,82.96,118.9,128.35,24.31
2018-10-03,82.92,118.49,126.9,24.17
2018-10-04,82.9,118.37,126.47,24.14
2018-10-05,82.89,118.26,125.8834,24.09
2018-10-08,82.87,118.31,125.8315,24.07
2018-10-09,82.9,118.37,126.1991,24.12
2018-10-10,82.92,118.47,126.31,24.12
2018-10-11,82.95,118.67,127.1099,24.19
2018-10-12,82.95,118.6,126.86,24.17
2018-10-15,82.98,118.63,126.86,24.19
2018-10-16,82.95,118.63,126.97,24.19
2018-10-17,82.945,118.43,126.5,24.15
2018-10-18,83.0,118.59,126.65,24.17
2018-10-19,82.95,118.51,126.5,24.15
2018-10-22,82.93,118.5,126.45,24.15
2018-10-23,82.98,118.7,126.77,24.18
2018-10-24,83.11,119.11,127.62,24.265
2018-10-25,83.08,118.91,127.2,24.21
2018-10-26,83.13,119.28,127.83,24.3
2018-10-29,83.16,119.27,127.76,24.29
2018-10-30,83.12,119.1,127.37,24.25
2018-10-31,83.08,118.94,126.93,24.2
2018-11-01,82.98,118.83,126.79,24.18
2018-11-02,82.88,118.47,125.82,24.08
2018-11-05,82.91,118.51,126.07,24.09
2018-11-06,82.89,118.41,125.86,24.075
2018-11-07,82.86,118.35,125.87,24.08
2018-11-08,82.85,118.21,125.72,24.07
2018-11-09,82.89,118.5,126.38,24.12
2018-11-12,82.95,118.74,126.95,24.19
2018-11-13,82.96,118.8,126.98,24.2
2018-11-14,83.02,119.01,127.21,24.23
2018-11-15,83.06,119.1,127.24,24.24
2018-11-16,83.12,119.34,127.77,24.29
2018-11-19,83.19,119.47,127.99,24.32
2018-11-20,83.17,119.42,128.05,24.32
2018-11-21,83.17,119.37,128.02,24.32
2018-11-23,83.15,119.43,128.125,24.31
2018-11-26,83.16,119.36,127.99,24.31
2018-11-27,83.17,119.4,128.12,24.32
2018-11-28,83.2,119.46,127.96,24.3
2018-11-29,83.22,119.61,128.38,24.35
2018-11-30,83.25,119.7,128.76,24.37
2018-12-03,83.04,119.56,128.94,24.35
2018-12-04,83.1,119.77,130.13,24.46
2018-12-06,83.18,119.98,130.59,24.51
2018-12-07,83.27,120.29,130.9,24.54
2018-12-10,83.27,120.31,131.1374,24.57
2018-12-11,83.19,120.12,130.9,24.54
2018-12-12,83.18,119.95,130.39,24.5
2018-12-13,83.26,120.03,130.27,24.51
2018-12-14,83.305,120.18,130.53,24.54
2018-12-17,83.39,120.41,131.04,24.59
2018-12-18,83.32,120.38,131.2,24.61
2018-12-19,83.34,120.51,132.25,24.69
2018-12-20,83.33,120.46,131.88,24.66
2018-12-21,83.39,120.55,131.95,24.67
2018-12-24,83.46,120.81,132.43,24.71
2018-12-26,83.38,120.48,131.6683,24.64
2018-12-27,83.47,120.77,131.95,24.66
2018-12-28,83.59,121.2,132.9329,24.755
2018-12-31,83.62,121.4,133.51,24.65
2019-01-02,83.63,121.57,133.87,24.85
2019-01-03,83.8,122.26,135.11,24.99
2019-01-04,83.62,121.58,133.68,24.86
2019-01-07,83.56,121.34,133.23,24.81
2019-01-08,83.51,121.12,132.8631,24.76
2019-01-09,83.55,121.22,132.87,24.76
2019-01-10,83.56,121.2,132.51,24.73
2019-01-11,83.61,121.42,133.07,24.79
2019-01-14,83.61,121.4,132.87,24.76
2019-01-15,83.64,121.35,132.68,24.76
2019-01-16,83.62,121.31,132.7,24.75
2019-01-17,83.61,121.17,132.54,24.74
2019-01-18,83.54,120.92,132.02,24.69
2019-01-22,83.61,121.17,132.61,24.735
2019-01-23,83.59,121.12,132.54,24.74
2019-01-24,83.66,121.35,133.05,24.795
2019-01-25,83.6,121.17,132.63,24.76
2019-01-28,83.61,121.19,132.5489,24.76
2019-01-29,83.65,121.44,133.05,24.8
2019-01-30,83.76,121.69,133.24,24.83
2019-01-31,83.83,122.03,134.1,24.9
2019-02-01,83.58,121.37,133.05,24.79
2019-02-04,83.58,121.24,132.58,24.75
2019-02-05,83.58,121.36,132.94,24.785
2019-02-06,83.62,121.44,133.02,24.79
2019-02-07,83.68,121.66,133.61,24.85
2019-02-08,83.71,121.75,133.96,24.88
2019-02-11,83.68,121.64,133.6,24.855
2019-02-12,83.67,121.53,133.36,24.82
2019-02-13,83.61,121.35,133.0,24.795
2019-02-14,83.72,121.68,133.72,24.855
2019-02-15,83.68,121.6,133.74,24.86
2019-02-19,83.74,121.75,134.03,24.89
2019-02-20,83.725,121.74,133.87,24.88
2019-02-21,83.7,121.55,133.24,24.82
2019-02-22,83.76,121.76,133.63,24.865
2019-02-25,83.75,121.68,133.54,24.85
2019-02-26,83.79,121.88,134.04,24.885
2019-02-27,83.77,121.68,133.16,24.825
2019-02-28,83.75,121.53,132.75,24.79
2019-03-01,83.54,121.05,131.85,24.68
2019-03-04,83.56,121.26,132.5228,24.735
2019-03-05,83.57,121.28,132.66,24.745
2019-03-06,83.63,121.5,133.0749,24.785
2019-03-07,83.7,121.79,133.75,24.85
2019-03-08,83.73,121.88,134.05,24.89
2019-03-11,83.71,121.8,133.85,24.84
2019-03-12,83.74,121.98,134.43,24.915
2019-03-13,83.75,121.98,134.3,24.905
2019-03-14,83.77,121.91,133.78,24.87
2019-03-15,83.8,122.11,134.38,24.92
2019-03-18,83.78,122.02,134.22,24.91
2019-03-19,83.77,121.96,133.98,24.9
2019-03-20,83.89,122.5,135.12,25.01
2019-03-21,83.89,122.44,135.17,25.005
2019-03-22,84.03,122.99,136.64,25.15
2019-03-25,84.12,123.25,136.93,25.19
2019-03-26,84.11,123.2,136.85,25.19
2019-03-27,84.18,123.41,137.61,25.25
2019-03-28,84.17,123.36,137.88,25.25
2019-03-29,84.12,123.2,137.64,25.24
2019-04-01,83.87,122.5,135.95,25.05
2019-04-02,83.91,122.66,136.21,25.07
2019-04-03,83.87,122.49,135.39,25.03
2019-04-04,83.89,122.55,135.7,25.05
2019-04-05,83.88,122.58,135.86,25.055
2019-04-08,83.86,122.47,135.57,25.04
2019-04-09,83.87,122.58,135.88,25.07
2019-04-10,83.94,122.75,136.21,25.1
2019-04-11,83.89,122.58,135.75,25.05
2019-04-12,83.84,122.25,134.99,24.975
2019-04-15,83.85,122.33,135.18,25.0
2019-04-16,83.84,122.12,134.58,24.93
2019-04-17,83.87,122.18,134.48,24.955
2019-04-18,83.89,122.33,134.94,25.0
2019-04-22,83.9,122.27,134.55,24.97
2019-04-23,83.94,122.43,134.75,25.0
2019-04-24,83.99,122.71,135.53,25.07
2019-04-25,83.99,122.61,135.37,25.055
2019-04-26,84.08,122.86,135.77,25.1
2019-04-29,84.05,122.73,135.3,25.06
2019-04-30,84.11,122.91,135.73,25.09
2019-05-01,83.88,122.55,135.67,25.06
2019-05-02,83.84,122.34,135.1,25.015
2019-05-03,83.87,122.43,135.39,25.035
2019-05-06,83.92,122.64,135.78,25.075
2019-05-07,83.96,122.85,136.43,25.14
2019-05-08,83.95,122.72,136.09,25.11
2019-05-09,84.0,122.93,136.58,25.15
2019-05-10,84.02,122.88,136.37,25.135
2019-05-13,84.12,123.32,137.29,25.23
2019-05-14,84.12,123.26,137.04,25.21
2019-05-15,84.18,123.52,137.63,25.27
2019-05-16,84.13,123.39,137.31,25.235
2019-05-17,84.15,123.42,137.47,25.25
2019-05-20,84.11,123.25,137.17,25.21
2019-05-21,84.07,123.11,136.97,25.195
2019-05-22,84.11,123.38,137.55,25.25
2019-05-23,84.26,123.84,138.69,25.365
2019-05-24,84.23,123.8,138.76,25.37
2019-05-28,84.3,124.08,139.55,25.44
2019-05-29,84.31,124.03,139.73,25.45
2019-05-30,84.38,124.3,140.54,25.52
2019-05-31,84.56,124.9,141.72,25.65
2019-06-03,84.55,125.11,142.21,25.705
2019-06-04,84.49,124.87,141.315,25.62
2019-06-05,84.53,124.98,141.06,25.59
2019-06-06,84.48,124.86,141.165,25.6
2019-06-07,84.57,125.13,142.0831,25.67
2019-06-10,84.49,124.76,141.05,25.595
2019-06-11,84.46,124.75,141.16,25.58
2019-06-12,84.53,124.99,141.37,25.62
2019-06-13,84.62,125.22,141.8,25.66
2019-06-14,84.59,125.2,142.0,25.69
2019-06-17,84.55,125.17,142.08,25.68
2019-06-18,84.56,125.25,142.52,25.71
2019-06-19,84.74,125.62,142.8199,25.775
2019-06-20,84.78,125.73,143.19,25.8
2019-06-21,84.74,125.49,142.31,25.72
2019-06-24,84.79,125.74,142.95,25.78
2019-06-25,84.81,125.88,143.4115,25.81
2019-06-26,84.71,125.49,142.59,25.74
2019-06-27,84.78,125.73,143.19,25.8
2019-06-28,84.78,125.76,143.12,25.815
2019-07-01,84.57,125.44,142.64,25.74
2019-07-02,84.62,125.66,143.4,25.8
2019-07-03,84.64,125.73,143.9,25.85
2019-07-05,84.47,125.21,142.61,25.715
2019-07-08,84.43,125.08,142.62,25.7
2019-07-09,84.4,124.97,142.52,25.68
2019-07-10,84.55,125.25,142.2409,25.69
2019-07-11,84.51,124.95,141.05,25.6
2019-07-12,84.52,125.03,141.22,25.61
2019-07-15,84.54,125.17,141.8069,25.66
2019-07-16,84.51,124.98,141.38,25.62
2019-07-17,84.59,125.33,142.4114,25.71
2019-07-18,84.69,125.62,142.65,25.75
2019-07-19,84.6,125.39,142.4152,25.71
2019-07-22,84.61,125.44,142.51,25.74
2019-07-23,84.59,125.32,142.0784,25.695
2019-07-24,84.61,125.39,142.5,25.72
2019-07-25,84.56,125.22,142.04,25.68
2019-07-26,84.57,125.22,142.18,25.69
2019-07-29,84.57,125.27,142.32,25.71
2019-07-30,84.58,125.3,142.5,25.71
2019-07-31,84.57,125.35,143.27,25.77
2019-08-01,84.66,126.05,145.01,25.92
2019-08-02,84.68,126.15,145.74,25.98
2019-08-05,84.85,126.83,147.55,26.15
2019-08-06,84.89,126.93,148.24,26.21
2019-08-07,84.9,126.92,148.22,26.22
2019-08-08,84.87,126.89,148.34,26.22
2019-08-09,84.82,126.72,148.03,26.19
2019-08-12,84.91,127.14,149.8345,26.355
2019-08-13,84.81,126.77,149.4,26.29
2019-08-14,84.915,127.16,151.21,26.465
2019-08-15,85.1,127.68,152.39,26.58
2019-08-16,85.09,127.63,151.69,26.535
2019-08-19,85.0,127.25,150.58,26.41
2019-08-20,85.06,127.56,151.57,26.515
2019-08-21,84.98,127.32,151.01,26.44
2019-08-22,84.94,127.17,150.41,26.39
2019-08-23,85.08,127.68,151.87,26.54
2019-08-26,85.04,127.59,151.56,26.5
2019-08-27,85.07,127.83,152.93,26.62
2019-08-28,85.09,127.86,152.94,26.63
2019-08-29,85.05,127.73,152.62,26.59
2019-08-30,85.08,127.75,152.5,26.59
2019-09-03,85.0,127.81,152.41,26.59
2019-09-04,85.07,128.02,152.74,26.63
2019-09-05,84.88,127.34,150.82,26.455
2019-09-06,84.89,127.39,151.43,26.495
2019-09-09,84.8,127.0,149.73,26.34
2019-09-10,84.66,126.45,147.93,26.185
2019-09-11,84.66,126.37,147.76,26.16
2019-09-12,84.64,126.18,147.21,26.11
2019-09-13,84.5,125.52,144.99,25.93
2019-09-16,84.57,125.84,146.14,26.01
2019-09-17,84.61,126.02,146.76,26.08
2019-09-18,84.56,125.96,147.12,26.1
2019-09-19,84.57,126.06,147.35,26.11
2019-09-20,84.66,126.41,148.6,26.22
2019-09-23,84.71,126.55,148.65,26.24
2019-09-24,84.8,126.94,150.05,26.35
2019-09-25,84.69,126.44,148.42,26.21
2019-09-26,84.73,126.57,149.02,26.26
2019-09-27,84.78,126.72,149.3,26.29
2019-09-30,84.82,126.8,149.48,26.325
2019-10-01,84.78,126.9,149.67,26.35
2019-10-02,84.87,127.23,150.05,26.4
2019-10-03,85.05,127.7,151.15,26.49
2019-10-04,85.04,127.8,151.728,26.56
2019-10-07,84.95,127.51,151.0283,26.48
2019-10-08,85.0,127.67,151.39,26.52
2019-10-09,84.95,127.52,150.71,26.46
2019-10-10,84.85,127.04,149.14,26.325
2019-10-11,84.77,126.57,147.68,26.21
2019-10-14,84.78,126.65,148.29,26.23
2019-10-15,84.76,126.38,147.08,26.155
2019-10-16,84.8,126.56,147.42,26.175
2019-10-17,84.8,126.52,147.24,26.16
2019-10-18,84.83,126.63,147.34,26.185
2019-10-21,84.79,126.35,146.5,26.1
2019-10-22,84.82,126.5,147.09,26.15
2019-10-23,84.81,126.45,147.21,26.15
2019-10-24,84.81,126.48,147.02,26.155
2019-10-25,84.76,126.29,146.58,26.1
2019-10-28,84.73,126.11,145.64,26.03
2019-10-29,84.75,126.13,145.77,26.03
2019-10-30,84.8,126.44,147.09,26.14
2019-10-31,84.95,126.97,148.49,26.285
2019-11-01,84.76,126.61,147.83,26.205
2019-11-04,84.7,126.31,146.52,26.095
2019-11-05,84.64,125.93,145.33,25.99
2019-11-06,84.69,126.14,145.98,26.055
2019-11-07,84.59,125.57,144.08,25.9
2019-11-08,84.6,125.52,143.65,25.86
2019-11-11,84.62,125.57,143.87,25.88
2019-11-12,84.63,125.65,144.2,25.905
2019-11-13,84.67,125.87,144.74,25.96
2019-11-14,84.75,126.24,145.74,26.05
2019-11-15,84.72,126.11,145.58,26.05
2019-11-18,84.76,126.25,145.95,26.075
2019-11-19,84.75,126.29,146.58,26.12
2019-11-20,84.79,126.55,147.55,26.21
2019-11-21,84.75,126.38,147.01,26.15
2019-11-22,84.735,126.35,147.06,26.155
2019-11-25,84.75,126.36,147.3,26.18
2019-11-26,84.79,126.5,147.75,26.21
2019-11-27,84.74,126.3,147.31,26.17
2019-11-29,84.77,126.31,147.095,26.165
2019-12-02,84.61,125.97,145.56,26.04
2019-12-03,84.73,126.58,147.79,26.22
2019-12-04,84.69,126.3,146.81,26.13
2019-12-05,84.65,126.16,146.34,26.09
2019-12-06,84.62,125.94,145.72,26.04
2019-12-09,84.62,125.93,145.99,26.05
2019-12-10,84.58,125.81,145.8947,26.035
2019-12-11,84.65,126.09,146.77,26.11
2019-12-12,84.57,125.57,144.94,25.97
2019-12-13,84.67,126.01,146.29,26.075
2019-12-16,84.62,125.72,145.2116,26.0
2019-12-17,84.64,125.73,145.2,25.99
2019-12-18,84.65,125.6,144.33,25.935
2019-12-19,84.53,125.5,144.15,25.91
2019-12-20,84.53,125.48,144.24,25.92
2019-12-23,84.51,125.41,144.04,25.9
2019-12-24,84.52,125.54,144.38,25.93
2019-12-26,84.55,125.64,144.6734,25.96
2019-12-27,84.61,125.86,144.81,25.99
2019-12-30,84.64,125.89,144.49,25.97
2019-12-31,84.63,125.75,143.61,25.94
2020-01-02,84.67,125.97,144.7,25.99
2020-01-03,84.74,126.37,146.32,26.12
2020-01-06,84.71,126.3,145.95,26.085
2020-01-07,84.71,126.25,145.53,26.04
2020-01-08,84.67,126.08,144.85,26.0
2020-01-09,84.68,126.08,145.12,26.015
2020-01-10,84.7,126.2,145.91,26.075
2020-01-13,84.69,126.13,145.56,26.05
2020-01-14,84.7,126.26,146.15,26.1
2020-01-15,84.74,126.4,146.79,26.14
2020-01-16,84.74,126.31,146.35,26.1
2020-01-17,84.77,126.29,145.68,26.07
2020-01-21,84.79,126.58,146.7595,26.16
2020-01-22,84.805,126.6,147.1,26.18
2020-01-23,84.84,126.76,147.82,26.24
2020-01-24,84.87,126.98,148.71,26.305
2020-01-27,84.96,127.42,150.24,26.445
2020-01-28,84.92,127.25,149.39,26.38
2020-01-29,85.0,127.56,150.52,26.475
2020-01-30,85.01,127.67,150.69,26.48
2020-01-31,85.12,128.06,151.86,26.585
2020-02-03,84.96,127.73,151.55,26.53
2020-02-04,84.87,127.35,150.0605,26.4
2020-02-05,84.81,127.08,149.04,26.32
2020-02-06,84.83,127.09,149.4,26.35
2020-02-07,84.88,127.39,150.46,26.43
2020-02-10,84.92,127.58,150.8,26.48
2020-02-11,84.88,127.4,150.3,26.435
2020-02-12,84.84,127.23,149.75,26.38
2020-02-13,84.86,127.29,149.99,26.4
2020-02-14,84.895,127.39,150.4,26.43
2020-02-18,84.93,127.55,151.09,26.49
2020-02-19,84.94,127.5,151.09,26.48
2020-02-20,84.96,127.72,151.95,26.57
2020-02-21,85.03,128.0,152.88,26.66
2020-02-24,85.17,128.61,154.58,26.82
2020-02-25,85.26,128.84,155.32,26.89
2020-02-26,85.32,128.86,155.02,26.855
2020-02-27,85.42,129.28,156.28,26.97
2020-02-28,85.73,130.28,158.88,27.2
2020-03-02,85.57,129.92,157.92,27.13
2020-03-03,85.905,131.0,160.43,27.37
2020-03-04,85.92,130.91,159.52,27.31
2020-03-05,86.1,131.45,162.07,27.51
2020-03-06,86.2,131.94,166.88,27.96
2020-03-09,86.67,132.55,171.5,28.27
2020-03-10,86.29,131.83,165.47,27.76
2020-03-11,86.19,131.52,163.16,27.62
2020-03-12,86.17,131.67,162.53,27.59
2020-03-13,86.28,131.05,159.71,27.43
2020-03-16,86.42,132.41,167.89,27.87
2020-03-17,86.22,130.96,159.25,27.25
2020-03-18,86.11,130.11,151.22,26.975
2020-03-19,86.26,130.39,156.01,27.02
2020-03-20,86.49,131.95,162.51,27.63
2020-03-23,86.59,132.89,167.85,27.96
2020-03-24,86.47,132.26,165.38,27.82
2020-03-25,86.57,132.3,165.5659,27.82
2020-03-26,86.67,132.56,165.32,27.88
2020-03-27,86.65,133.06,168.34,28.14
2020-03-30,86.69,133.08,167.39,28.01
2020-03-31,86.67,133.34,167.613,28.01
2020-04-01,86.62,133.28,169.19,28.1
2020-04-02,86.64,133.19,169.54,28.1
2020-04-03,86.62,133.21,169.31,28.14
2020-04-06,86.56,132.89,168.2,28.07
2020-04-07,86.54,132.67,167.25,27.98
2020-04-08,86.59,132.69,165.89,27.94
2020-04-09,86.62,132.97,166.23,27.94
2020-04-13,86.63,132.83,165.47,27.885
2020-04-14,86.625,133.0,165.64,27.9
2020-04-15,86.66,133.45,168.3,28.11
2020-04-16,86.68,133.45,169.29,28.21
2020-04-17,86.65,133.31,167.93,28.09
2020-04-20,86.65,133.42,169.04,28.16
2020-04-21,86.67,133.52,170.16,28.24
2020-04-22,86.64,133.33,168.93,28.16
2020-04-23,86.63,133.33,169.56,28.2
2020-04-24,86.63,133.36,170.0,28.18
2020-04-27,86.63,133.09,168.0,28.05
2020-04-28,86.66,133.33,169.72,28.15
2020-04-29,86.65,133.39,169.4,28.13
2020-04-30,86.8,133.34,168.16,28.06
2020-05-01,86.6,133.22,168.65,28.07
2020-05-04,86.6,133.25,168.31,28.05
2020-05-05,86.59,133.22,168.2,28.03
2020-05-06,86.62,133.13,166.69,27.91
2020-05-07,86.68,133.57,168.72,28.05
2020-05-08,86.66,133.43,167.34,27.96
2020-05-11,86.63,133.25,166.27,27.89
2020-05-12,86.65,133.41,167.33,27.97
2020-05-13,86.65,133.5,168.0,28.03
2020-05-14,86.63,133.58,168.95,28.09
2020-05-15,86.68,133.57,168.51,28.075
2020-05-18,86.61,133.24,166.2,27.9
2020-05-19,86.66,133.42,166.79,27.96
2020-05-20,86.66,133.43,167.07,27.97
2020-05-21,86.64,133.44,167.44,27.99
2020-05-22,86.64,133.48,167.96,28.04
2020-05-26,86.64,133.43,166.71,27.96
2020-05-27,86.62,133.44,166.74,27.945
2020-05-28,86.66,133.43,166.35,27.93
2020-05-29,86.66,133.64,167.24,27.985
2020-06-01,86.58,133.48,166.4,27.915
2020-06-02,86.58,133.39,166.0,27.87
2020-06-03,86.51,133.07,164.17,27.76
2020-06-04,86.53,132.87,162.6,27.66
2020-06-05,86.5,132.55,161.53,27.565
2020-06-08,86.48,132.62,161.73,27.59
2020-06-09,86.51,132.89,163.05,27.7
2020-06-10,86.56,133.38,164.93,27.82
2020-06-11,86.52,133.42,166.9,27.945
2020-06-12,86.55,133.35,165.94,27.88
2020-06-15,86.53,133.3,165.95,27.88
2020-06-16,86.52,133.24,164.47,27.8
2020-06-17,86.55,133.28,164.92,27.82
2020-06-18,86.54,133.34,166.04,27.885
2020-06-19,86.56,133.38,166.1886,27.89
2020-06-22,86.54,133.32,166.115,27.89
2020-06-23,86.56,133.37,165.55,27.855
2020-06-24,86.57,133.44,166.7332,27.925
2020-06-25,86.57,133.46,166.93,27.945
2020-06-26,86.6,133.63,168.1,28.02
2020-06-29,86.62,133.72,167.94,28.03
2020-06-30,86.61,133.67,167.35,27.99
2020-07-01,86.52,133.43,166.91,27.93
2020-07-02,86.56,133.55,167.04,28.05
2020-07-06,86.53,133.45,166.56,27.92
2020-07-07,86.55,133.59,168.08,28.005
2020-07-08,86.55,133.53,167.62,27.99
2020-07-09,86.57,133.66,169.3288,28.09
2020-07-10,86.54,133.55,168.68,28.05
2020-07-13,86.54,133.61,169.041,28.075
2020-07-14,86.55,133.58,169.12,28.08
2020-07-15,86.56,133.59,168.66,28.06
2020-07-16,86.56,133.66,169.17,28.09
2020-07-17,86.58,133.64,168.8901,28.08
2020-07-20,86.56,133.64,169.21,28.095
2020-07-21,86.58,133.73,169.47,28.11
2020-07-22,86.57,133.72,169.64,28.125
2020-07-23,86.57,133.72,170.71,28.19
2020-07-24,86.58,133.74,170.69,28.195
2020-07-27,86.55,133.64,170.07,28.15
2020-07-28,86.57,133.79,171.05,28.22
2020-07-29,86.59,133.89,171.03,28.225
2020-07-30,86.62,134.01,171.82,28.275
2020-07-31,86.63,134.07,171.85,28.28
2020-08-03,86.58,133.94,171.15,28.23
2020-08-04,86.59,134.1,172.3306,28.3
2020-08-05,86.57,133.93,171.18,28.23
2020-08-06,86.57,133.95,171.73,28.26
2020-08-07,86.56,133.85,170.88,28.21
2020-08-10,86.54,133.82,170.46,28.175
2020-08-11,86.52,133.62,169.11,28.07
2020-08-12,86.5,133.46,167.89,28.01
2020-08-13,86.49,133.35,166.69,27.93
2020-08-14,86.5,133.44,166.41,27.915
2020-08-17,86.51,133.52,166.98,27.93
2020-08-18,86.52,133.6,167.65,27.98
2020-08-19,86.52,133.52,166.97,27.945
2020-08-20,86.52,133.63,168.06,28.01
2020-08-21,86.51,133.65,168.59,28.04
2020-08-24,86.5,133.58,168.22,28.03
2020-08-25,86.51,133.48,167.34,27.97
2020-08-26,86.51,133.48,166.87,27.95
2020-08-27,86.5,133.38,164.94,27.835
2020-08-28,86.53,133.56,164.87,27.86
2020-08-31,86.56,133.59,165.4,27.9
2020-09-01,86.49,133.6,166.65,27.96
2020-09-02,86.5,133.63,167.77,28.02
2020-09-03,86.49,133.68,168.11,28.04
2020-09-04,86.46,133.38,165.8,27.89
2020-09-08,86.47,133.52,166.48,27.94
2020-09-09,86.48,133.52,166.13,27.92
2020-09-10,86.47,133.56,166.61,27.96
2020-09-11,86.49,133.68,167.05,27.98
2020-09-14,86.48,133.6,166.97,27.97
2020-09-15,86.485,133.58,166.83,27.97
2020-09-16,86.5,133.55,166.58,27.94
2020-09-17,86.48,133.56,166.81,27.95
2020-09-18,86.49,133.51,166.35,27.93
2020-09-21,86.48,133.59,166.93,27.97
2020-09-22,86.5,133.61,166.93,27.965
2020-09-23,86.5,133.6,167.13,27.975
2020-09-24,86.49,133.62,167.59,27.995
2020-09-25,86.5,133.68,167.7,28.01
2020-09-28,86.51,133.67,167.47,27.99
2020-09-29,86.5,133.73,167.59,28.0
2020-09-30,86.51,133.59,166.49,27.95
2020-10-01,86.45,133.52,166.55,27.93
2020-10-02,86.46,133.47,166.05,27.895
2020-10-05,86.43,133.15,163.64,27.745
2020-10-06,86.43,133.25,164.34,27.8
2020-10-07,86.42,133.12,163.31,27.725
2020-10-08,86.42,133.21,164.03,27.775
2020-10-09,86.42,133.16,163.9,27.755
2020-10-12,86.44,133.21,164.32,27.78
2020-10-13,86.43,133.35,165.17,27.84
2020-10-14,86.43,133.36,165.41,27.86
2020-10-15,86.45,133.31,165.24,27.85
2020-10-16,86.44,133.29,164.9,27.83
2020-10-19,86.44,133.21,164.49,27.79
2020-10-20,86.43,133.12,163.33,27.73
2020-10-21,86.43,133.06,162.93,27.69
2020-10-22,86.4,132.9,161.58,27.6
2020-10-23,86.41,132.95,162.26,27.65
2020-10-26,86.42,133.07,163.41,27.72
2020-10-27,86.42,133.19,164.16,27.78
2020-10-28,86.42,133.19,164.27,27.78
2020-10-29,86.44,133.02,162.9,27.7
2020-10-30,86.43,132.91,161.66,27.62
2020-11-02,86.39,132.84,162.24,27.64
2020-11-03,86.37,132.77,161.45,27.6
2020-11-04,86.39,133.18,163.8,27.77
2020-11-05,86.37,133.15,164.48,27.8
2020-11-06,86.38,132.99,162.97,27.71
2020-11-09,86.35,132.59,160.31,27.525
2020-11-10,86.34,132.44,159.57,27.48
2020-11-11,86.32,132.5,160.01,27.49
2020-11-12,86.33,132.79,161.99,27.635
2020-11-13,86.33,132.73,161.76,27.625
2020-11-16,86.35,132.71,161.48,27.61
2020-11-17,86.34,132.84,162.41,27.655
2020-11-18,86.34,132.8,162.53,27.66
2020-11-19,86.36,132.85,163.23,27.7
2020-11-20,86.37,132.92,164.32,27.77
2020-11-23,86.37,132.86,163.67,27.735
2020-11-24,86.38,132.82,162.59,27.67
2020-11-25,86.39,132.85,162.43,27.66
2020-11-27,86.39,132.99,163.51,27.72
2020-11-30,86.41,133.01,163.22,27.735
2020-12-01,86.33,132.64,159.25,27.33
2020-12-02,86.35,132.61,158.21,27.28
2020-12-03,86.37,132.76,159.2,27.355
2020-12-04,86.36,132.6,157.38,27.245
2020-12-07,86.38,132.78,158.45,27.33
2020-12-08,86.36,132.81,159.03,27.355
2020-12-09,86.35,132.72,158.68,27.33
2020-12-10,86.37,132.87,159.66,27.38
2020-12-11,86.42,133.01,160.16,27.435
2020-12-14,86.41,133.01,159.76,27.41
2020-12-15,86.41,132.96,159.44,27.39
2020-12-16,86.41,132.94,159.07,27.37
2020-12-17,86.38,132.81,158.59,27.32
2020-12-18,86.37,132.8,158.14,27.31
2020-12-21,86.37,132.81,158.59,27.34
2020-12-22,86.37,132.9,159.21,27.37
2020-12-23,86.39,132.83,158.38,27.33
2020-12-24,86.37,132.89,158.7,27.34
2020-12-28,86.38,132.9,158.88,27.35
2020-12-29,86.38,132.91,158.77,27.345
2020-12-30,86.385,132.93,158.96,27.36
2020-12-31,86.38,132.98,159.22,27.24
2021-01-04,86.39,133.02,159.13,27.375
2021-01-05,86.39,132.91,158.16,27.32
2021-01-06,86.34,132.59,155.7,27.16
2021-01-07,86.36,132.43,154.65,27.09
2021-01-08,86.35,132.27,154.14,27.05
2021-01-11,86.34,132.18,153.82,27.025
2021-01-12,86.34,132.15,153.86,27.025
2021-01-13,86.33,132.32,154.93,27.1
2021-01-14,86.34,132.28,153.89,27.055
2021-01-15,86.35,132.44,154.46,27.09
2021-01-19,86.38,132.5,154.81,27.11
2021-01-20,86.37,132.5,154.84,27.12
2021-01-21,86.38,132.48,154.13,27.08
2021-01-22,86.38,132.55,154.44,27.1
2021-01-25,86.39,132.72,155.61,27.195
2021-01-26,86.38,132.7,155.595,27.18
2021-01-27,86.38,132.75,155.99,27.21
2021-01-28,86.37,132.63,155.3,27.155
2021-01-29,86.4,132.61,154.49,27.115
2021-02-01,86.38,132.62,154.44,27.12
2021-02-02,86.35,132.46,153.72,27.06
2021-02-03,86.36,132.36,152.75,26.99
2021-02-04,86.36,132.37,152.46,26.97
2021-02-05,86.38,132.31,151.43,26.93
2021-02-08,86.37,132.29,151.76,26.94
2021-02-09,86.35,132.29,151.78,26.955
2021-02-10,86.36,132.43,152.55,27.01
2021-02-11,86.36,132.4,152.06,26.975
2021-02-12,86.37,132.26,150.64,26.88
2021-02-16,86.34,131.81,148.62,26.76
2021-02-17,86.36,131.87,149.33,26.8
2021-02-18,86.36,131.91,149.19,26.775
2021-02-19,86.37,131.73,147.69,26.68
2021-02-22,86.35,131.62,146.65,26.625
2021-02-23,86.36,131.71,146.37,26.615
2021-02-24,86.335,131.58,145.6,26.57
2021-02-25,86.21,130.46,142.4,26.32
2021-02-26,86.32,131.07,146.22,26.6
2021-03-01,86.29,131.03,145.0,26.5
2021-03-02,86.31,131.21,145.12,26.52
2021-03-03,86.26,130.88,143.93,26.44
2021-03-04,86.26,130.59,142.94,26.36
2021-03-05,86.26,130.5,142.84,26.36
2021-03-08,86.23,130.13,141.98,26.275
2021-03-09,86.23,130.39,143.45,26.37
2021-03-10,86.26,130.55,143.59,26.395
2021-03-11,86.26,130.59,142.91,26.375
2021-03-12,86.25,130.22,140.4,26.21
2021-03-15,86.26,130.28,141.07,26.255
2021-03-16,86.26,130.33,140.85,26.24
2021-03-17,86.28,130.41,140.02,26.205
2021-03-18,86.27,130.08,138.9,26.115
2021-03-19,86.27,130.01,139.37,26.145
2021-03-22,86.26,130.15,140.56,26.215
2021-03-23,86.27,130.42,141.85,26.27
2021-03-24,86.29,130.46,142.47,26.32
2021-03-25,86.3,130.46,141.71,26.29
2021-03-26,86.3,130.26,141.07,26.25
2021-03-29,86.28,130.09,140.15,26.185
2021-03-30,86.28,130.01,140.55,26.195
2021-03-31,86.25,129.89,140.16,26.19
2021-04-01,86.23,129.96,141.63,26.245
2021-04-05,86.21,129.78,140.95,26.19
2021-04-06,86.23,130.14,141.72,26.275
2021-04-07,86.24,130.14,141.25,26.25
2021-04-08,86.27,130.34,142.04,26.305
2021-04-09,86.24,130.16,141.96,26.275
2021-04-12,86.22,130.08,141.67,26.26
2021-04-13,86.25,130.34,142.46,26.325
2021-04-14,86.25,130.24,142.1,26.3
2021-04-15,86.27,130.56,143.85,26.43
2021-04-16,86.26,130.4,143.26,26.37
2021-04-19,86.25,130.4,142.96,26.36
2021-04-20,86.27,130.62,143.59,26.41
2021-04-21,86.29,130.63,143.7377,26.4
2021-04-22,86.28,130.65,144.16,26.43
2021-04-23,86.26,130.53,143.99,26.42
2021-04-26,86.24,130.44,144.06,26.405
2021-04-27,86.23,130.25,142.94,26.33
2021-04-28,86.25,130.4,143.0977,26.36
2021-04-29,86.27,130.34,142.75,26.33
2021-04-30,86.28,130.43,142.69,26.36
2021-05-03,86.26,130.46,142.9,26.35
2021-05-04,86.26,130.52,143.39,26.39
2021-05-05,86.28,130.65,143.58,26.41
2021-05-06,86.28,130.65,143.91,26.415
2021-05-07,86.31,130.82,143.4,26.41
2021-05-10,86.28,130.72,142.58,26.35
2021-05-11,86.27,130.62,141.87,26.32
2021-05-12,86.26,130.29,140.58,26.215
2021-05-13,86.28,130.49,140.88,26.25
2021-05-14,86.28,130.57,141.69,26.305
2021-05-17,86.28,130.51,140.73,26.285
2021-05-18,86.29,130.56,141.145,26.27
2021-05-19,86.26,130.37,140.69,26.24
2021-05-20,86.3,130.61,141.65,26.305
2021-05-21,86.28,130.58,142.0,26.325
2021-05-24,86.3,130.67,142.38,26.345
2021-05-25,86.3,130.88,143.46,26.42
2021-05-26,86.32,130.84,143.29,26.4
2021-05-27,86.32,130.75,142.74,26.39
2021-05-28,86.32,130.79,142.6,26.39
2021-06-01,86.29,130.7,142.17,26.34
2021-06-02,86.3,130.76,142.41,26.37
2021-06-03,86.27,130.51,142.03,26.32
2021-06-04,86.3,130.87,143.52,26.43
2021-06-07,86.29,130.82,143.29,26.4
2021-06-08,86.31,130.97,144.01,26.465
2021-06-09,86.29,131.12,144.9,26.52
2021-06-10,86.32,131.28,145.72,26.58
2021-06-11,86.3,131.15,145.45,26.555
2021-06-14,86.27,130.92,144.62,26.495
2021-06-15,86.26,130.95,144.55,26.48
2021-06-16,86.18,130.31,144.01,26.405
2021-06-17,86.175,130.39,145.65,26.495
2021-06-18,86.11,130.45,147.85,26.61
2021-06-21,86.13,130.37,146.23,26.52
2021-06-22,86.18,130.56,146.46,26.545
2021-06-23,86.12,130.39,146.17,26.51
2021-06-24,86.13,130.36,146.33,26.52
2021-06-25,86.12,130.26,145.26,26.445
2021-06-28,86.15,130.42,146.28,26.52
2021-06-29,86.14,130.47,146.48,26.53
2021-06-30,86.16,130.53,146.95,26.6
2021-07-01,86.13,130.39,146.76,26.53
2021-07-02,86.17,130.63,147.3987,26.54
2021-07-06,86.2,130.98,148.96,26.705
2021-07-07,86.21,131.1,150.08,26.77
2021-07-08,86.25,131.34,150.71,26.825
2021-07-09,86.22,131.07,149.01,26.71
2021-07-12,86.2,131.01,148.85,26.695
2021-07-13,86.13,130.74,147.96,26.625
2021-07-14,86.19,131.04,149.31,26.71
2021-07-15,86.2,131.19,150.56,26.795
2021-07-16,86.19,131.16,150.37,26.775
2021-07-19,86.23,131.66,152.93,26.95
2021-07-20,86.27,131.74,152.02,26.915
2021-07-21,86.24,131.4,150.45,26.805
2021-07-22,86.25,131.56,151.49,26.875
2021-07-23,86.26,131.52,150.77,26.84
2021-07-26,86.24,131.48,150.46,26.8
2021-07-27,86.26,131.65,151.71,26.86
2021-07-28,86.27,131.71,151.76,26.89
2021-07-29,86.27,131.52,151.0,26.86
2021-07-30,86.285,131.74,151.65,26.89
2021-08-02,86.31,131.93,152.6,26.96
2021-08-03,86.31,131.96,152.73,26.965
2021-08-04,86.28,131.86,153.14,26.965
2021-08-05,86.24,131.57,152.36,26.91
2021-08-06,86.21,131.23,150.26,26.77
2021-08-09,86.18,131.08,149.89,26.73
2021-08-10,86.15,130.92,149.46,26.69
2021-08-11,86.19,131.03,149.37,26.705
2021-08-12,86.185,130.93,149.21,26.68
2021-08-13,86.2,131.2,150.89,26.8
2021-08-16,86.22,131.38,151.345,26.83
2021-08-17,86.2,131.31,151.45,26.825
2021-08-18,86.2,131.25,151.57,26.835
2021-08-19,86.2,131.34,152.51,26.885
2021-08-20,86.2,131.25,152.52,26.88
2021-08-23,86.2,131.31,152.47,26.88
2021-08-24,86.185,131.16,151.61,26.82
2021-08-25,86.18,130.98,150.47,26.75
2021-08-26,86.18,130.95,150.59,26.5
2021-08-27,86.24,131.21,151.42,26.83
2021-08-30,86.26,131.41,151.86,26.86
2021-08-31,86.25,131.32,151.13,26.84
2021-09-01,86.23,131.27,151.17,26.81
2021-09-02,86.23,131.31,151.5,26.84
2021-09-03,86.23,131.24,150.54,26.785
2021-09-07,86.2,131.01,149.55,26.71
2021-09-08,86.22,131.13,150.45,26.765
2021-09-09,86.24,131.27,151.67,26.845
2021-09-10,86.21,131.09,150.72,26.77
2021-09-13,86.23,131.15,151.33,26.82
2021-09-14,86.24,131.31,152.62,26.895
2021-09-15,86.24,131.23,152.11,26.87
2021-09-16,86.21,130.97,151.51,26.81
2021-09-17,86.19,130.79,150.84,26.76
2021-09-20,86.21,131.06,152.21,26.87
2021-09-21,86.23,131.04,152.17,26.85
2021-09-22,86.18,130.93,152.93,26.88
2021-09-23,86.13,130.45,150.3,26.7
2021-09-24,86.1,130.28,149.2,26.62
2021-09-27,86.09,130.09,148.57,26.58
2021-09-28,86.1,129.96,146.85,26.475
2021-09-29,86.13,130.08,147.01,26.5
2021-09-30,86.15,130.17,147.07,26.53
2021-10-01,86.18,130.42,147.78,26.575
2021-10-04,86.14,130.31,147.54,26.56
2021-10-05,86.13,130.15,146.57,26.475
2021-10-06,86.12,130.11,146.99,26.5
2021-10-07,86.09,129.88,145.73,26.42
2021-10-08,86.06,129.72,145.04,26.37
2021-10-11,85.99,129.44,144.34,26.29
2021-10-12,86.03,129.67,146.57,26.43
2021-10-13,86.0,129.63,147.65,26.49
2021-10-14,86.0,129.77,148.0,26.51
2021-10-15,85.95,129.39,147.04,26.44
2021-10-18,85.89,129.19,147.28,26.435
2021-10-19,85.92,129.13,145.75,26.355
2021-10-20,85.95,129.16,145.14,26.32
2021-10-21,85.85,128.82,144.66,26.275
2021-10-22,85.83,128.93,145.97,26.335
2021-10-25,85.87,129.1,145.88,26.35
2021-10-26,85.85,129.06,146.7162,26.39
2021-10-27,85.83,129.28,148.8,26.52
2021-10-28,85.84,129.07,147.67,26.45
2021-10-29,85.85,129.05,147.82,26.49
2021-11-01,85.8,128.99,147.18,26.415
2021-11-02,85.89,129.25,147.73,26.48
2021-11-03,85.87,129.12,146.57,26.41
2021-11-04,85.95,129.51,148.02,26.51
2021-11-05,85.99,129.81,149.65,26.62
2021-11-08,85.89,129.4,149.25,26.56
2021-11-09,85.94,129.68,150.4275,26.665
2021-11-10,85.77,128.87,148.36,26.48
2021-11-11,85.71,128.58,147.97,26.43
2021-11-12,85.78,128.82,147.89,26.425
2021-11-15,85.77,128.63,146.33,26.335
2021-11-16,85.77,128.6,146.07,26.32
2021-11-17,85.8,128.83,146.86,26.39
2021-11-18,85.79,128.9,147.38,26.425
2021-11-19,85.77,128.91,148.56,26.475
2021-11-22,85.67,128.33,147.01,26.34
2021-11-23,85.67,128.19,145.23,26.24
2021-11-24,85.65,128.24,146.76,26.32
2021-11-26,85.82,129.18,149.43,26.58
2021-11-29,85.86,129.17,148.9,26.545
2021-11-30,85.79,129.34,150.81,26.63
2021-12-01,85.75,129.38,150.86,26.67
2021-12-02,85.64,129.03,150.82,26.63
2021-12-03,85.69,129.38,152.13,26.735
2021-12-06,85.62,129.04,150.67,26.62
2021-12-07,85.51,128.71,150.0,26.54
2021-12-08,85.54,128.59,148.55,26.435
2021-12-09,85.51,128.68,149.1,26.48
2021-12-10,85.55,128.74,149.15,26.475
2021-12-13,85.6,129.0,150.62,26.58
2021-12-14,85.55,128.83,150.34,26.56
2021-12-15,85.58,128.81,149.55,26.51
2021-12-16,85.63,129.08,149.2,26.525
2021-12-17,85.59,129.13,150.35,26.585
2021-12-20,85.61,129.18,149.6,26.57
2021-12-21,85.56,128.87,149.17,26.48
2021-12-22,85.55,128.89,149.68,26.51
2021-12-23,85.54,128.78,148.83,26.63
2021-12-27,85.51,128.73,148.85,26.46
2021-12-28,85.51,128.77,148.56,26.44
2021-12-29,85.5,128.55,147.19,26.36
2021-12-30,85.55,128.71,148.08,26.42
2021-12-31,85.54,128.67,148.4,26.68
2022-01-03,85.44,128.13,145.68,26.22
2022-01-04,85.49,128.17,145.13,26.21
2022-01-05,85.38,127.78,144.58,26.13
2022-01-06,85.31,127.52,144.52,26.105
2022-01-07,85.29,127.34,143.54,26.05
2022-01-10,85.24,127.22,143.75,26.05
2022-01-11,85.27,127.33,144.38,26.095
2022-01-12,85.24,127.39,144.04,26.07
2022-01-13,85.28,127.59,144.81,26.14
2022-01-14,85.17,127.11,143.21,26.0
2022-01-18,85.04,126.51,141.49,25.83
2022-01-19,85.08,126.69,142.38,25.92
2022-01-20,85.06,126.79,142.93,25.95
2022-01-21,85.13,127.14,144.32,26.06
2022-01-24,85.18,127.18,143.53,26.04
2022-01-25,85.14,127.09,143.35,25.99
2022-01-26,84.99,126.49,141.93,25.86
2022-01-27,84.92,126.56,143.78,25.96
2022-01-28,84.95,126.79,143.97,25.985
2022-01-31,84.95,126.83,143.57,25.98
2022-02-01,84.92,126.66,142.96,25.91
2022-02-02,84.94,126.81,143.59,25.95
2022-02-03,84.87,126.51,142.68,25.87
2022-02-04,84.7,125.82,140.88,25.71
2022-02-07,84.72,125.88,141.09,25.71
2022-02-08,84.63,125.6,140.34,25.66
2022-02-09,84.62,125.6,140.57,25.655
2022-02-10,84.19,124.63,138.75,25.44
2022-02-11,84.45,125.46,140.64,25.62
2022-02-14,84.27,124.92,139.22,25.495
2022-02-15,84.3,124.82,138.13,25.41
2022-02-16,84.41,125.07,138.58,25.48
2022-02-17,84.46,125.41,139.58,25.56
2022-02-18,84.47,125.57,140.44,25.62
2022-02-22,84.39,125.46,140.6041,25.63
2022-02-23,84.34,125.15,139.22,25.51
2022-02-24,84.41,125.39,138.9651,25.52
2022-02-25,84.41,125.36,139.28,25.555
2022-02-28,84.56,126.16,142.01,25.76
2022-03-01,84.73,126.92,143.05,25.93
2022-03-02,84.45,125.77,139.44,25.575
2022-03-03,84.45,126.0,140.52,25.67
2022-03-04,84.54,126.6,142.65,25.83
2022-03-07,84.43,126.17,141.5,25.73
2022-03-08,84.32,125.66,140.42,25.61
2022-03-09,84.27,125.27,139.39,25.51
2022-03-10,84.2,124.94,137.94,25.4
2022-03-11,84.17,124.83,138.24,25.4
2022-03-14,83.95,123.92,135.52,25.17
2022-03-15,83.98,123.89,135.46,25.0
2022-03-16,83.9,123.67,135.92,25.17
2022-03-17,83.87,123.57,135.17,25.115
2022-03-18,83.85,123.64,136.26,25.185
2022-03-21,83.57,122.6,133.65,24.93
2022-03-22,83.51,122.23,132.49,24.84
2022-03-23,83.58,122.68,134.62,24.96
2022-03-24,83.555,122.35,133.77,24.905
2022-03-25,83.33,121.42,131.9,24.71
2022-03-28,83.25,121.48,132.57,24.755
2022-03-29,83.29,121.78,133.6,24.83
2022-03-30,83.35,122.05,134.45,24.91
2022-03-31,83.35,122.05,134.61,24.91
2022-04-01,83.14,121.33,134.55,24.82
2022-04-04,83.19,121.42,133.9,24.8
2022-04-05,83.04,120.58,131.5192,24.6
2022-04-06,83.1,120.58,130.43,24.56
2022-04-07,83.16,120.68,129.48,24.53
2022-04-08,83.06,120.3,128.14,24.43
2022-04-11,83.08,120.15,126.85,24.35
2022-04-12,83.29,120.75,126.96,24.41
2022-04-13,83.33,120.93,127.05,24.45
2022-04-14,83.18,120.27,125.19,24.26
2022-04-18,83.18,120.16,124.63,24.235
2022-04-19,82.99,119.53,123.54,24.12
2022-04-20,83.04,119.9,125.91,24.25
2022-04-21,82.9,119.41,124.755,24.17
2022-04-22,82.88,119.46,124.41,24.13
2022-04-25,83.01,119.92,125.37,24.245
2022-04-26,83.16,120.47,126.6,24.37
2022-04-27,83.12,120.18,125.35,24.27
2022-04-28,83.06,120.0,125.31,24.25
2022-04-29,82.9,119.55,123.94,24.15
2022-05-02,82.85,119.02,122.18,23.97
2022-05-03,82.81,119.07,122.755,24.01
2022-05-04,83.03,119.72,123.21,24.11
2022-05-05,82.89,119.09,120.6019,23.92
2022-05-06,82.88,118.82,119.37,23.83
2022-05-09,83.09,119.48,120.24,23.96
2022-05-10,83.04,119.6,121.3,24.0
2022-05-11,83.05,119.81,122.71,24.1
2022-05-12,83.17,120.14,122.65,24.135
2022-05-13,83.14,119.86,121.49,24.045
2022-05-16,83.19,120.17,121.78,24.07
2022-05-17,83.01,119.47,120.74,23.93
2022-05-18,83.05,119.82,122.53,24.06
2022-05-19,83.17,120.14,122.76,24.12
2022-05-20,83.23,120.38,124.02,24.215
2022-05-23,83.19,120.01,122.35,24.095
2022-05-24,83.38,120.68,124.21,24.29
2022-05-25,83.44,120.91,124.48,24.35
2022-05-26,83.46,120.9,124.12,24.3
2022-05-27,83.48,120.92,124.37,24.22
2022-05-31,83.35,120.32,122.11,24.13
2022-06-01,83.13,119.68,121.64,24.04
2022-06-02,83.15,119.79,121.77,24.05
2022-06-03,83.12,119.62,121.52,24.02
2022-06-06,83.01,119.14,119.64,23.86
2022-06-07,83.02,119.36,120.66,23.96
2022-06-08,82.96,119.15,119.78,23.885
2022-06-09,82.9,119.01,119.91,23.89
2022-06-10,82.55,118.04,119.09,23.72
2022-06-13,82.13,116.72,115.93,23.4
2022-06-14,81.97,116.23,114.64,23.28
2022-06-15,82.29,117.28,116.64,23.49
2022-06-16,82.4,117.71,117.61,23.59
2022-06-17,82.38,117.6,117.89,23.6
2022-06-21,82.35,117.35,116.215,23.5
2022-06-22,82.59,118.26,118.67,23.71
2022-06-23,82.66,118.69,119.25,23.8
2022-06-24,82.64,118.53,118.15,23.73
2022-06-27,82.55,118.16,117.44,23.65
2022-06-28,82.53,118.17,117.59,23.67
2022-06-29,82.63,118.71,119.14,23.8
2022-06-30,82.79,119.34,120.15,23.9
2022-07-01,82.96,120.21,120.95,24.07
2022-07-05,82.95,120.34,121.69,24.11
2022-07-06,82.72,119.61,120.12,23.92
2022-07-07,82.66,119.18,119.5,23.85
2022-07-08,82.56,118.78,118.23,23.75
2022-07-11,82.59,119.23,120.15,23.87
2022-07-12,82.63,119.41,120.69,23.925
2022-07-13,82.54,119.44,121.58,23.97
2022-07-14,82.51,119.07,120.86,23.9
2022-07-15,82.57,119.28,121.44,23.95
2022-07-18,82.52,119.11,120.44,23.88
2022-07-19,82.43,118.77,119.86,23.8
2022-07-20,82.42,118.66,120.17,23.78
2022-07-21,82.65,119.59,121.64,24.005
2022-07-22,82.86,120.41,123.55,24.2
2022-07-25,82.79,120.2,122.46,24.12
2022-07-26,82.75,120.16,122.69,24.12
2022-07-27,82.88,120.49,122.37,24.135
2022-07-28,83.06,121.23,123.56,24.25
2022-07-29,83.05,121.26,123.45,24.26
2022-08-01,82.96,121.3,125.14,24.36
2022-08-02,82.67,120.17,122.91,24.12
2022-08-03,82.7,120.39,124.21,24.21
2022-08-04,82.81,120.8,124.57,24.25
2022-08-05,82.47,119.63,122.03,24.005
2022-08-08,82.55,119.99,123.28,24.09
2022-08-09,82.47,119.71,122.86,24.04
2022-08-10,82.55,119.89,122.24,24.04
2022-08-11,82.52,119.53,120.33,23.91
2022-08-12,82.54,119.76,121.39,23.97
2022-08-15,82.61,120.01,121.69,23.99
2022-08-16,82.54,119.78,122.06,24.0
2022-08-17,82.47,119.3,120.72,23.9
2022-08-18,82.59,119.47,121.04,23.92
2022-08-19,82.53,119.06,119.36,23.81
2022-08-22,82.42,118.71,118.78,23.745
2022-08-23,82.46,118.62,118.27,23.715
2022-08-24,82.37,118.38,117.51,23.65
2022-08-25,82.42,118.72,118.95,23.755
2022-08-26,82.4,118.53,119.32,23.77
2022-08-29,82.34,118.19,118.43,23.68
2022-08-30,82.3,118.15,118.49,23.69
2022-08-31,82.29,117.89,117.61,23.6
2022-09-01,82.13,117.33,115.63,23.44
2022-09-02,82.31,117.86,116.26,23.53
2022-09-06,82.13,117.15,114.03,23.345
2022-09-07,82.25,117.64,115.45,23.46
2022-09-08,82.15,117.33,114.8,23.4
2022-09-09,82.08,117.25,114.71,23.375
2022-09-12,82.07,117.19,114.19,23.33
2022-09-13,81.79,116.53,113.95,23.26
2022-09-14,81.72,116.42,114.07,23.255
2022-09-15,81.63,116.13,113.65,23.215
2022-09-16,81.67,116.31,113.18,23.21
2022-09-19,81.58,116.06,113.15,23.18
2022-09-20,81.54,115.73,112.24,23.085
2022-09-21,81.47,115.79,113.49,23.17
2022-09-22,81.32,114.85,110.955,22.94
2022-09-23,81.22,114.66,111.33,22.935
2022-09-26,81.04,113.66,109.28,22.73
2022-09-27,81.04,113.35,107.15,22.58
2022-09-28,81.39,114.9,110.28,22.9
2022-09-29,81.28,114.55,109.75,22.85
2022-09-30,81.21,114.28,108.95,22.76
2022-10-03,81.28,114.9,110.15,22.89
2022-10-04,81.31,115.12,109.97,22.905
2022-10-05,81.23,114.55,108.89,22.8
2022-10-06,81.13,114.16,108.41,22.72
2022-10-07,81.03,113.75,107.58,22.63
2022-10-10,81.0,113.5,106.33,22.55
2022-10-11,81.04,113.63,106.67,22.575
2022-10-12,81.12,113.91,107.06,22.64
2022-10-13,80.88,113.39,106.38,22.515
2022-10-14,80.84,113.1,105.7,22.45
2022-10-17,80.93,113.28,105.47,22.45
2022-10-18,80.97,113.46,106.09,22.5
2022-10-19,80.82,112.8,104.46,22.34
2022-10-20,80.73,112.33,103.17,22.2
2022-10-21,80.94,112.83,101.92,22.22
2022-10-24,80.92,112.81,101.35,22.175
2022-10-25,81.0,113.42,103.62,22.365
2022-10-26,81.07,113.69,104.78,22.45
2022-10-27,81.24,114.29,105.62,22.57
2022-10-28,81.12,113.82,104.75,22.48
2022-10-31,81.0,113.54,104.23,22.42
2022-11-01,80.78,113.21,104.52,22.38
2022-11-02,80.74,113.11,104.1,22.345
2022-11-03,80.59,112.75,103.72,22.28
2022-11-04,80.68,112.84,102.81,22.23
2022-11-07,80.61,112.61,101.96,22.16
2022-11-08,80.69,113.01,103.03,22.255
2022-11-09,80.82,113.36,103.25,22.31
2022-11-10,81.26,114.99,106.94,22.67
2022-11-11,81.24,114.85,106.72,22.63
2022-11-14,81.17,114.67,106.51,22.59
2022-11-15,81.25,115.18,107.68,22.72
2022-11-16,81.26,115.53,109.54,22.85
2022-11-17,81.16,115.07,108.61,22.76
2022-11-18,81.07,114.77,108.07,22.69
2022-11-21,81.05,114.73,108.23,22.7
2022-11-22,81.11,114.94,109.41,22.79
2022-11-23,81.18,115.28,110.7,22.89
2022-11-25,81.19,115.3,110.62,22.88
2022-11-28,81.21,115.31,110.79,22.92
2022-11-29,81.18,115.13,109.91,22.83
2022-11-30,81.42,115.91,110.72,22.97
2022-12-01,81.43,116.43,113.01,23.14
2022-12-02,81.41,116.53,113.77,23.19
2022-12-05,81.18,115.72,112.69,23.035
2022-12-06,81.27,116.06,113.54,23.13
2022-12-07,81.44,116.72,115.41,23.3
2022-12-08,81.36,116.29,114.87,23.24
2022-12-09,81.32,115.94,112.86,23.095
2022-12-12,81.27,115.86,113.03,23.08
2022-12-13,81.51,116.54,114.25,23.23
2022-12-14,81.52,116.76,114.78,23.26
2022-12-15,81.35,116.59,115.17,23.265
2022-12-16,81.43,116.57,114.24,23.215
2022-12-19,81.33,116.12,112.76,23.09
2022-12-20,81.33,115.75,111.16,22.965
2022-12-21,81.41,115.85,111.32,23.0
2022-12-22,81.36,115.77,111.43,22.985
2022-12-23,81.32,115.56,110.32,22.89
2022-12-27,81.21,115.02,108.63,22.755
2022-12-28,81.21,114.94,108.17,22.725
2022-12-29,81.27,115.15,109.08,22.795
2022-12-30,81.17,114.89,108.18,22.72
2023-01-03,81.24,115.23,109.92,22.84
2023-01-04,81.32,115.68,111.1309,22.95
2023-01-05,81.21,115.49,111.36,22.94
2023-01-06,81.52,116.49,113.0,23.14
2023-01-09,81.6,116.7,113.54,23.2
2023-01-10,81.53,116.45,112.11,23.1
2023-01-11,81.6,116.8,113.48,23.19
2023-01-12,81.78,117.5,115.23,23.38
2023-01-13,81.64,117.13,114.37,23.285
2023-01-17,81.69,117.07,113.99,23.25
2023-01-18,81.87,117.98,116.34,23.46
2023-01-19,81.85,117.8,115.92,23.425
2023-01-20,81.78,117.37,114.3,23.295
2023-01-23,81.7,117.08,114.01,23.24
2023-01-24,81.73,117.37,115.25,23.345
2023-01-25,81.78,117.49,115.43,23.37
2023-01-26,81.73,117.24,114.8749,23.32
2023-01-27,81.73,117.14,114.56,23.28
2023-01-30,81.65,116.86,114.2,23.24
2023-01-31,81.8,117.3,114.89,23.33
2023-02-01,81.79,117.73,115.8,23.42
2023-02-02,81.8,117.71,115.97,23.415
2023-02-03,81.5,116.82,114.33,23.235
2023-02-06,81.27,116.0,113.33,23.11
2023-02-07,81.31,115.96,112.71,23.06
2023-02-08,81.34,116.16,113.03,23.12
2023-02-09,81.28,115.84,112.34,23.04
2023-02-10,81.24,115.55,111.33,22.95
2023-02-13,81.26,115.64,112.22,22.995
2023-02-14,81.09,115.15,111.86,22.93
2023-02-15,81.1,115.07,110.91,22.87
2023-02-16,81.11,114.93,109.96,22.8
2023-02-17,81.18,115.15,110.57,22.87
2023-02-21,81.02,114.43,108.73,22.69
2023-02-22,81.06,114.54,109.36,22.75
2023-02-23,81.11,114.76,110.09,22.81
2023-02-24,80.94,114.23,108.76,22.69
2023-02-27,81.01,114.45,109.08,22.73
2023-02-28,80.99,114.5,109.23,22.755
2023-03-01,80.68,113.79,107.83,22.595
2023-03-02,80.71,113.58,106.93,22.535
2023-03-03,80.76,113.96,108.8,22.675
2023-03-06,80.72,113.88,108.35,22.635
2023-03-07,80.55,113.64,108.82,22.625
2023-03-08,80.51,113.55,108.9,22.615
2023-03-09,80.77,114.23,109.35,22.73
2023-03-10,81.21,115.56,112.55,23.05
2023-03-13,82.02,116.95,113.87,23.265
2023-03-14,81.71,116.2,112.25,23.09
2023-03-15,82.19,117.54,114.28,23.36
2023-03-16,81.86,116.73,113.13,23.2
2023-03-17,82.27,117.73,114.17,23.42
2023-03-20,82.17,117.4,113.51,23.34
2023-03-21,81.86,116.63,112.52,23.17
2023-03-22,82.24,117.74,114.13,23.38
2023-03-23,82.48,118.41,114.39,23.475
2023-03-24,82.52,118.38,114.83,23.5
2023-03-27,82.17,117.41,112.89,23.27
2023-03-28,82.08,117.19,112.91,23.26
2023-03-29,82.05,117.08,112.68,23.23
2023-03-30,82.06,117.15,113.1,23.27
2023-03-31,82.16,117.65,114.54,23.38
2023-04-03,82.08,117.8,114.48,23.405
2023-04-04,82.27,118.42,115.27,23.51
2023-04-05,82.38,118.65,116.33,23.59
2023-04-06,82.35,118.64,116.4,23.59
2023-04-10,82.06,117.83,115.0,23.42
2023-04-11,82.05,117.79,114.96,23.425
2023-04-12,82.14,118.14,115.06,23.46
2023-04-13,82.19,118.02,114.38,23.42
2023-04-14,82.0,117.53,113.31,23.31
2023-04-17,81.88,117.06,112.35,23.205
2023-04-18,81.86,117.13,112.67,23.225
2023-04-19,81.79,116.96,112.44,23.19
2023-04-20,81.99,117.47,113.18,23.3
2023-04-21,81.94,117.29,112.7,23.25
2023-04-24,82.03,117.64,113.51,23.335
2023-04-25,82.35,118.575,115.11,23.54
2023-04-26,82.25,118.29,114.26,23.445
2023-04-27,82.09,117.68,113.16,23.315
2023-04-28,82.18,118.18,114.63,23.44
2023-05-01,81.81,117.23,111.88,23.185
2023-05-02,82.08,118.21,114.04,23.42
2023-05-03,82.28,118.86,114.73,23.525
2023-05-04,82.41,119.04,114.2,23.515
2023-05-05,82.21,118.5,113.51,23.42
2023-05-08,82.08,118.08,112.31,23.3
2023-05-09,82.06,117.99,112.03,23.28
2023-05-10,82.26,118.67,113.17,23.41
2023-05-11,82.31,118.82,114.02,23.475
2023-05-12,82.17,118.36,113.18,23.37
2023-05-15,82.18,118.3,112.32,23.32
2023-05-16,82.08,118.03,111.96,23.275
2023-05-17,81.99,117.69,111.65,23.225
2023-05-18,81.84,117.17,110.7,23.125
2023-05-19,81.78,116.86,109.96,23.05
2023-05-22,81.75,116.79,109.69,23.03
2023-05-23,81.74,116.91,109.8,23.045
2023-05-24,81.64,116.66,109.39,22.99
2023-05-25,81.46,116.05,108.81,22.905
2023-05-26,81.44,115.97,109.18,22.92
2023-05-30,81.6,116.63,110.47,23.055
2023-05-31,81.68,116.88,111.31,23.135
2023-06-01,81.61,116.99,111.49,23.14
2023-06-02,81.38,116.27,110.56,23.0
2023-06-05,81.4,116.31,110.49,23.0
2023-06-06,81.36,116.27,110.83,23.02
2023-06-07,81.3,115.84,109.37,22.91
2023-06-08,81.43,116.31,110.5,23.01
2023-06-09,81.28,115.94,110.26,22.965
2023-06-12,81.35,116.13,110.54,22.985
2023-06-13,81.2,115.57,109.42,22.875
2023-06-14,81.15,115.53,110.01,22.9
2023-06-15,81.32,116.12,110.93,23.02
2023-06-16,81.21,115.73,110.5,22.96
2023-06-20,81.24,115.91,111.09,23.015
2023-06-21,81.24,115.96,111.385,23.03
2023-06-22,81.15,115.59,110.54,22.935
2023-06-23,81.22,115.79,111.21,22.99
2023-06-26,81.28,116.01,111.34,23.035
2023-06-27,81.16,115.68,110.96,22.98
2023-06-28,81.25,115.98,111.49,23.04
2023-06-29,81.05,115.23,109.88,22.87
2023-06-30,81.08,115.26,110.77,22.9
2023-07-03,80.78,114.72,109.79,22.81
2023-07-05,80.76,114.48,108.79,22.73
2023-07-06,80.71,113.95,107.42,22.61
2023-07-07,80.8,114.0,107.01,22.59
2023-07-10,80.92,114.53,107.49,22.655
2023-07-11,80.91,114.56,107.72,22.68
2023-07-12,81.15,115.4,109.02,22.83
2023-07-13,81.38,116.14,110.15,22.98
2023-07-14,81.17,115.62,109.62,22.87
2023-07-17,81.2,115.76,109.76,22.905
2023-07-18,81.2,115.79,110.08,22.93
2023-07-19,81.23,115.97,111.05,23.005
2023-07-20,81.13,115.44,109.64,22.88
2023-07-21,81.14,115.44,109.7,22.885
2023-07-24,81.04,115.2,109.38,22.84
2023-07-25,81.03,115.08,109.22,22.82
2023-07-26,81.11,115.38,109.47,22.87
2023-07-27,80.99,114.73,107.61,22.695
2023-07-28,81.1,115.02,108.02,22.76
2023-07-31,81.12,115.12,108.34,22.78
2023-08-01,80.84,114.57,106.49,22.605
2023-08-02,80.88,114.56,105.81,22.56
2023-08-03,80.91,114.27,103.9,22.435
2023-08-04,81.07,115.01,105.59,22.6
2023-08-07,81.1,114.95,104.99,22.56
2023-08-08,81.14,115.22,106.0,22.64
2023-08-09,81.09,115.16,106.37,22.655
2023-08-10,81.05,114.73,105.06,22.53
2023-08-11,80.97,114.31,104.56,22.47
2023-08-14,80.9,114.1,104.51,22.435
2023-08-15,80.93,114.06,103.96,22.405
2023-08-16,80.89,113.84,103.28,22.35
2023-08-17,80.98,113.9,102.96,22.35
2023-08-18,81.01,114.06,103.21,22.375
2023-08-21,80.92,113.67,102.06,22.265
2023-08-22,80.88,113.59,102.53,22.285
2023-08-23,81.03,114.23,104.53,22.47
2023-08-24,80.98,114.01,104.02,22.42
2023-08-25,80.93,113.89,104.21,22.405
2023-08-28,80.98,114.08,104.32,22.44
2023-08-29,81.16,114.67,105.35,22.56
2023-08-30,81.16,114.65,105.24,22.555
2023-08-31,81.24,114.86,105.6,22.605
2023-09-01,80.99,114.28,103.98,22.45
2023-09-05,80.89,113.98,102.87,22.34
2023-09-06,80.8,113.66,102.96,22.32
2023-09-07,80.95,114.0,103.23,22.38
2023-09-08,80.91,113.94,103.51,22.38
2023-09-11,80.93,113.89,103.03,22.35
2023-09-12,80.89,113.89,103.37,22.37
2023-09-13,80.96,114.04,103.52,22.39
2023-09-14,80.94,113.91,102.99,22.35
2023-09-15,80.9,113.72,102.49,22.305
2023-09-18,80.89,113.71,102.86,22.325
2023-09-19,80.83,113.46,102.26,22.27
2023-09-20,80.78,113.34,102.34,22.26
2023-09-21,80.82,113.06,100.39,22.12
2023-09-22,80.9,113.34,101.16,22.19
2023-09-25,80.87,113.07,99.2,22.06
2023-09-26,80.88,113.05,98.93,22.05
2023-09-27,80.82,112.76,98.33,21.985
2023-09-28,80.96,113.1,98.56,22.04
2023-09-29,80.97,113.16,98.47,22.04
2023-10-02,80.68,112.45,96.78,21.875
2023-10-03,80.62,112.01,95.26,21.74
2023-10-04,80.8,112.47,96.19,21.86
2023-10-05,80.88,112.71,96.03,21.87
2023-10-06,80.81,112.33,95.08,21.77
2023-10-09,81.05,113.24,96.84,21.965
2023-10-10,81.0,113.05,96.65,21.95
2023-10-11,80.98,113.2,98.27,22.045
2023-10-12,80.88,112.69,96.28,21.875
2023-10-13,80.93,112.98,97.56,21.99
2023-10-16,80.88,112.65,96.21,21.88
2023-10-17,80.7,111.92,95.14,21.75
2023-10-18,80.7,111.67,94.35,21.68
2023-10-19,80.81,111.61,93.11,21.6
2023-10-20,80.94,112.09,93.88,21.68
2023-10-23,80.99,112.35,94.8,21.76
2023-10-24,80.97,112.34,95.4,21.805
2023-10-25,80.88,111.88,93.85,21.67
2023-10-26,81.04,112.43,95.04,21.8
2023-10-27,81.09,112.62,94.84,21.8
2023-10-30,81.06,112.4,94.49,21.77
2023-10-31,81.03,112.29,94.18,21.73
2023-11-01,80.98,112.77,95.53,21.85
2023-11-02,80.99,112.96,97.15,21.96
2023-11-03,81.21,113.66,97.92,22.075
2023-11-06,81.06,113.21,97.18,21.995
2023-11-07,81.12,113.51,98.34,22.085
2023-11-08,81.1,113.64,99.48,22.16
2023-11-09,80.98,113.02,97.64,22.0
2023-11-10,81.0,113.02,97.9,22.02
2023-11-13,81.03,113.07,97.89,22.02
2023-11-14,81.35,114.18,99.85,22.24
2023-11-15,81.2,113.66,98.67,22.125
2023-11-16,81.34,114.2,99.65,22.23
2023-11-17,81.28,114.11,99.93,22.25
2023-11-20,81.29,114.18,100.38,22.28
2023-11-21,81.34,114.33,100.4,22.3
2023-11-22,81.35,114.26,100.55,22.3
2023-11-24,81.29,113.98,99.6,22.22
2023-11-27,81.39,114.44,100.83,22.335
2023-11-28,81.54,114.9,101.04,22.41
2023-11-29,81.7,115.28,102.09,22.515
2023-11-30,81.65,115.04,101.51,22.43
2023-12-01,81.64,115.45,102.53,22.55
2023-12-04,81.52,115.09,101.99,22.49
2023-12-05,81.62,115.52,103.7,22.62
2023-12-06,81.6,115.66,104.8,22.69
2023-12-07,81.66,115.66,104.33,22.675
2023-12-08,81.48,115.09,103.54,22.565
2023-12-11,81.5,115.1,103.39,22.565
2023-12-12,81.51,115.25,103.8,22.59
2023-12-13,81.92,116.48,105.96,22.855
2023-12-14,81.8,116.7,107.66,22.97
2023-12-15,81.71,116.55,107.68,22.96
2023-12-18,81.7,116.41,107.08,22.905
2023-12-19,81.73,116.51,107.46,22.935
2023-12-20,81.84,116.9,108.35,23.0
2023-12-21,81.92,116.9,107.72,23.0
2023-12-22,81.95,116.89,107.6,22.98
2023-12-26,81.91,116.86,107.92,22.995
2023-12-27,82.01,117.37,109.52,23.13
2023-12-28,82.0,117.16,108.95,23.08
2023-12-29,82.04,117.13,108.26,23.04
2024-01-02,81.94,116.79,107.71,22.97
2024-01-03,81.96,116.95,108.08,23.005
2024-01-04,81.91,116.58,106.72,22.895
2024-01-05,81.89,116.38,105.8,22.83
2024-01-08,81.96,116.62,106.72,22.895
2024-01-09,81.98,116.65,106.51,22.88
2024-01-10,81.98,116.58,106.24,22.85
2024-01-11,82.17,117.1,106.59,22.945
2024-01-12,82.34,117.4,106.88,22.99
2024-01-16,82.21,116.9,105.27,22.84
2024-01-17,82.05,116.5,104.95,22.79
2024-01-18,82.09,116.44,104.26,22.74
2024-01-19,82.03,116.38,104.46,22.74
2024-01-22,82.07,116.58,105.0,22.79
2024-01-23,82.06,116.45,104.44,22.75
2024-01-24,82.02,116.26,103.84,22.7
2024-01-25,82.17,116.64,104.45,22.775
2024-01-26,82.12,116.49,104.25,22.755
2024-01-29,82.2,116.87,105.24,22.845
2024-01-30,82.15,116.78,105.88,22.87
2024-01-31,82.3,117.49,106.92,23.0
2024-02-01,82.18,117.54,108.16,23.08
2024-02-02,81.92,116.58,106.31,22.86
2024-02-05,81.76,115.93,104.45,22.69
2024-02-06,81.89,116.35,105.3,22.785
2024-02-07,81.86,116.22,104.93,22.75
2024-02-08,81.84,116.01,104.39,22.7
2024-02-09,81.81,115.89,104.08,22.675
2024-02-12,81.82,115.98,104.16,22.695
2024-02-13,81.56,115.06,102.55,22.505
2024-02-14,81.68,115.41,103.1,22.565
2024-02-15,81.76,115.61,103.52,22.615
2024-02-16,81.66,115.26,102.99,22.545
2024-02-20,81.71,115.47,103.13,22.58
2024-02-21,81.64,115.21,102.54,22.525
2024-02-22,81.63,115.15,102.83,22.525
2024-02-23,81.67,115.37,103.68,22.61
2024-02-26,81.61,115.26,103.49,22.58
2024-02-27,81.61,115.17,102.97,22.54
2024-02-28,81.69,115.45,103.45,22.6
2024-02-29,81.74,115.59,104.02,22.65
2024-03-01,81.66,115.73,104.33,22.68
2024-03-04,81.58,115.54,104.0,22.635
2024-03-05,81.64,115.9,105.24,22.745
2024-03-06,81.66,116.01,105.79,22.785
2024-03-07,81.76,116.23,105.95,22.82
2024-03-08,81.8,116.35,105.88,22.82
2024-03-11,81.73,116.19,105.85,22.8
2024-03-12,81.65,115.87,105.01,22.72
2024-03-13,81.61,115.7,104.65,22.69
2024-03-14,81.54,115.23,103.3,22.57
2024-03-15,81.49,115.06,103.13,22.54
2024-03-18,81.5,114.97,102.92,22.52
2024-03-19,81.57,115.22,103.32,22.56
2024-03-20,81.7,115.49,103.4,22.605
2024-03-21,81.7,115.5,103.58,22.61
2024-03-22,81.76,115.81,104.43,22.7
2024-03-25,81.72,115.66,104.02,22.65
2024-03-26,81.74,115.74,104.24,22.675
2024-03-27,81.83,115.98,105.01,22.74
2024-03-28,81.78,115.81,105.03,22.77
2024-04-01,81.34,114.95,103.04,22.51
2024-04-02,81.38,114.92,102.51,22.48
2024-04-03,81.44,115.01,102.47,22.49
2024-04-04,81.52,115.26,103.13,22.56
2024-04-05,81.39,114.79,102.05,22.445
2024-04-08,81.31,114.58,101.93,22.415
2024-04-09,81.39,114.84,102.75,22.49
2024-04-10,81.06,113.74,100.66,22.25
2024-04-11,81.16,113.76,100.28,22.24
2024-04-12,81.21,114.05,100.84,22.3
2024-04-15,81.18,113.69,99.51,22.19
2024-04-16,81.13,113.43,99.04,22.13
2024-04-17,81.19,113.82,99.94,22.225
2024-04-18,81.15,113.56,99.48,22.175
2024-04-19,81.17,113.65,99.78,22.21
2024-04-22,81.21,113.69,99.55,22.21
2024-04-23,81.28,113.86,99.82,22.23
2024-04-24,81.25,113.72,99.19,22.17
2024-04-25,81.19,113.45,98.66,22.12
2024-04-26,81.21,113.58,99.14,22.155
2024-04-29,81.25,113.79,99.8,22.215
2024-04-30,81.15,113.5,99.08,22.155
2024-05-01,81.05,113.51,99.38,22.155
2024-05-02,81.17,113.95,99.89,22.23
2024-05-03,81.3,114.37,100.75,22.33
2024-05-06,81.29,114.4,101.04,22.34
2024-05-07,81.3,114.51,101.59,22.385
2024-05-08,81.28,114.39,101.11,22.35
2024-05-09,81.35,114.58,101.51,22.39
2024-05-10,81.28,114.37,100.99,22.34
2024-05-13,81.3,114.42,101.21,22.365
2024-05-14,81.38,114.64,101.63,22.415
2024-05-15,81.53,115.2,102.85,22.535
2024-05-16,81.47,115.01,102.69,22.51
2024-05-17,81.42,114.82,102.16,22.465
2024-05-20,81.4,114.73,101.93,22.44
2024-05-21,81.44,114.9,102.32,22.475
2024-05-22,81.38,114.73,102.36,22.465
2024-05-23,81.34,114.49,101.81,22.41
2024-05-24,81.37,114.51,102.07,22.43
2024-05-28,81.3,114.23,100.88,22.33
2024-05-29,81.27,113.97,99.94,22.245
2024-05-30,81.36,114.29,100.73,22.325
2024-05-31,81.47,114.69,101.49,22.41
2024-06-03,81.3,114.78,102.33,22.465
2024-06-04,81.38,115.16,103.31,22.555
2024-06-05,81.46,115.4,103.94,22.625
2024-06-06,81.47,115.43,103.94,22.625
2024-06-07,81.26,114.66,102.1,22.44
2024-06-10,81.27,114.57,101.69,22.41
2024-06-11,81.36,114.92,102.52,22.49
2024-06-12,81.47,115.32,103.29,22.58
2024-06-13,81.6,115.79,104.43,22.69
2024-06-14,81.61,115.87,105.11,22.745
2024-06-17,81.53,115.56,104.15,22.66
2024-06-18,81.64,115.88,104.97,22.75
2024-06-20,81.61,115.74,104.41,22.7
2024-06-21,81.64,115.76,104.45,22.695
2024-06-24,81.65,115.79,104.7,22.715
2024-06-25,81.66,115.86,104.89,22.735
2024-06-26,81.58,115.47,103.64,22.625
2024-06-27,81.64,115.65,103.99,22.67
2024-06-28,81.65,115.47,102.7,22.57
2024-07-01,81.31,114.73,100.75,22.38
2024-07-02,81.38,114.96,101.39,22.44
2024-07-03,81.5,115.4,102.59,22.56
2024-07-05,81.65,115.86,103.26,22.655
2024-07-08,81.64,115.84,103.4,22.65
2024-07-09,81.62,115.81,103.12,22.64
2024-07-10,81.65,115.85,103.35,22.65
2024-07-11,81.84,116.38,104.31,22.77
2024-07-12,81.96,116.6,104.54,22.815
2024-07-15,81.96,116.5,103.79,22.76
2024-07-16,81.99,116.71,104.83,22.845
2024-07-17,82.0,116.77,104.95,22.85
2024-07-18,81.96,116.59,104.3,22.79
2024-07-19,81.92,116.39,103.79,22.75
2024-07-22,81.93,116.33,103.59,22.73
2024-07-23,81.97,116.41,103.58,22.74
2024-07-24,82.01,116.41,102.83,22.7
2024-07-25,82.02,116.5,103.39,22.74
2024-07-26,82.13,116.86,104.15,22.815
2024-07-29,82.14,116.94,104.48,22.845
2024-07-30,82.17,117.1,104.83,22.88
2024-07-31,82.34,117.67,105.91,23.01
2024-08-01,82.21,117.74,106.5,23.04
2024-08-02,82.67,119.0,109.1,23.345
2024-08-05,82.65,119.0,109.46,23.36
2024-08-06,82.55,118.4,107.53,23.18
2024-08-07,82.5,118.23,106.76,23.13
2024-08-08,82.46,117.98,106.26,23.075
2024-08-09,82.48,118.18,107.16,23.13
2024-08-12,82.53,118.44,107.43,23.19
2024-08-13,82.66,118.78,108.15,23.27
2024-08-14,82.65,118.81,108.6,23.295
2024-08-15,82.45,118.24,107.63,23.175
2024-08-16,82.54,118.4,107.98,23.225
2024-08-19,82.52,118.44,108.38,23.25
2024-08-20,82.64,118.73,109.07,23.33
2024-08-21,82.73,118.98,109.29,23.365
2024-08-22,82.62,118.63,108.39,23.28
2024-08-23,82.81,119.06,108.99,23.36
2024-08-26,82.77,118.94,108.82,23.345
2024-08-27,82.82,119.02,108.64,23.335
2024-08-28,82.81,119.0,108.52,23.33
2024-08-29,82.795,118.86,108.16,23.295
2024-08-30,82.8,118.72,107.42,23.24
2024-09-03,82.6,118.81,108.37,23.29
2024-09-04,82.78,119.28,109.41,23.415
2024-09-05,82.81,119.39,109.85,23.455
2024-09-06,82.96,119.66,110.03,23.49
2024-09-09,82.97,119.71,110.33,23.52
2024-09-10,83.09,120.07,111.03,23.605
2024-09-11,83.02,119.95,110.94,23.585
2024-09-12,83.025,119.85,110.55,23.545
2024-09-13,83.15,120.08,110.85,23.595
2024-09-16,83.2,120.23,111.62,23.655
2024-09-17,83.14,120.1,111.18,23.615
2024-09-18,83.11,119.84,110.17,23.53
2024-09-19,83.18,119.85,109.97,23.515
2024-09-20,83.21,119.87,109.9,23.51
2024-09-23,83.21,119.81,109.73,23.5
2024-09-24,83.29,119.98,109.72,23.52
2024-09-25,83.22,119.74,109.03,23.445
2024-09-26,83.14,119.58,108.92,23.435
2024-09-27,83.27,119.92,109.74,23.51
2024-09-30,83.15,119.605,109.33,23.45
2024-10-01,82.93,119.55,109.59,23.445
2024-10-02,82.91,119.4,108.94,23.385
2024-10-03,82.8,119.01,108.11,23.3
2024-10-04,82.52,118.11,106.86,23.13
2024-10-07,82.41,117.85,106.23,23.06
2024-10-08,82.48,117.94,106.35,23.09
2024-10-09,82.4,117.67,105.75,23.02
2024-10-10,82.47,117.75,105.5,23.01
2024-10-11,82.54,117.84,105.34,23.02
2024-10-14,82.5,117.68,105.19,23.0
2024-10-15,82.54,117.99,106.28,23.095
2024-10-16,82.59,118.09,106.52,23.12
2024-10-17,82.52,117.79,105.29,23.015
2024-10-18,82.59,117.93,105.43,23.035
2024-10-21,82.47,117.42,103.94,22.91
2024-10-22,82.46,117.35,103.9,22.9
2024-10-23,82.41,117.14,103.57,22.86
2024-10-24,82.45,117.25,104.08,22.895
2024-10-25,82.42,117.13,103.61,22.86
2024-10-28,82.38,116.94,103.25,22.83
2024-10-29,82.41,116.99,103.3,22.835
2024-10-30,82.34,116.76,103.42,22.815
2024-10-31,82.36,116.76,103.6,22.82
2024-11-01,82.05,116.12,101.86,22.665
2024-11-04,82.11,116.46,103.22,22.77
2024-11-05,82.09,116.39,103.57,22.785
2024-11-06,81.99,115.81,101.59,22.6
2024-11-07,82.13,116.39,102.65,22.72
2024-11-08,82.07,116.35,103.57,22.77
2024-11-11,82.01,116.1,103.25,22.725
2024-11-12,81.93,115.74,101.92,22.61
2024-11-13,82.05,115.88,101.53,22.6
2024-11-14,81.93,115.72,101.86,22.61
2024-11-15,82.02,115.87,101.7,22.615
2024-11-18,82.08,116.03,101.92,22.64
2024-11-19,82.08,116.16,102.33,22.68
2024-11-20,82.04,116.04,102.07,22.645
2024-11-21,82.02,115.96,101.94,22.63
2024-11-22,82.01,115.96,101.99,22.64
2024-11-25,82.17,116.64,103.99,22.84
2024-11-26,82.17,116.56,103.68,22.805
2024-11-27,82.22,116.86,104.33,22.87
2024-11-29,82.32,117.13,105.04,22.945
2024-12-02,82.05,116.78,104.91,22.9
2024-12-03,82.06,116.67,104.21,22.85
2024-12-04,82.15,116.92,105.06,22.925
2024-12-05,82.15,116.89,105.22,22.93
2024-12-06,82.23,117.17,105.51,22.975
2024-12-09,82.2,116.98,104.82,22.92
2024-12-10,82.19,116.85,104.39,22.87
2024-12-11,82.17,116.69,103.64,22.82
2024-12-12,82.13,116.47,102.74,22.735
2024-12-13,82.09,116.19,101.92,22.67
2024-12-16,82.1,116.2,102.03,22.675
2024-12-17,82.11,116.2,102.08,22.685
2024-12-18,81.68,115.21,100.57,22.485
2024-12-19,81.77,115.13,99.63,22.43
2024-12-20,81.78,115.34,100.04,22.465
2024-12-23,81.73,115.08,99.41,22.405
2024-12-24,81.77,115.13,99.65,22.42
2024-12-26,81.79,115.2,99.65,22.435
2024-12-27,81.81,115.1,99.04,22.39
2024-12-30,81.93,115.54,99.85,22.475
2024-12-31,81.98,115.55,99.54,22.98
2025-01-02,81.96,115.54,99.72,22.465
2025-01-03,81.96,115.41,99.47,22.44
2025-01-06,81.98,115.41,99.12,22.43
2025-01-07,81.93,115.16,98.27,22.35
2025-01-08,81.98,115.29,98.4,22.375
2025-01-10,81.83,114.68,97.66,22.27
2025-01-13,81.85,114.57,97.4,22.255
2025-01-14,81.87,114.65,97.25,22.25
2025-01-15,82.05,115.37,98.74,22.41
2025-01-16,82.1,115.61,99.11,22.455
2025-01-17,82.08,115.56,99.24,22.455
2025-01-21,82.11,115.75,99.89,22.515
2025-01-22,82.09,115.55,99.57,22.48
2025-01-23,82.09,115.46,99.06,22.43
2025-01-24,82.14,115.65,99.39,22.48
2025-01-27,82.26,116.11,100.51,22.59
2025-01-28,82.28,116.13,100.38,22.585
2025-01-29,82.23,116.03,100.27,22.56
2025-01-30,82.28,116.17,100.65,22.6
2025-01-31,82.29,116.13,100.26,22.58
2025-02-03,81.96,115.75,100.36,22.53
2025-02-04,82.04,115.93,100.63,22.565
2025-02-05,82.09,116.27,101.92,22.67
2025-02-06,82.06,116.16,101.93,22.66
2025-02-07,81.97,115.88,101.43,22.59
2025-02-10,82.01,115.89,101.24,22.585
2025-02-11,81.99,115.78,100.7,22.55
2025-02-12,81.88,115.28,99.53,22.43
2025-02-13,81.99,115.71,100.81,22.555
2025-02-14,82.1,116.04,101.4,22.625
2025-02-18,82.03,115.73,100.51,22.535
2025-02-19,82.09,115.92,100.61,22.565
2025-02-20,82.1,116.04,100.93,22.595
2025-02-21,82.24,116.46,101.93,22.695
2025-02-24,82.3,116.63,102.15,22.735
2025-02-25,82.41,117.17,103.49,22.865
2025-02-26,82.44,117.37,103.95,22.92
2025-02-27,82.47,117.36,103.64,22.895
2025-02-28,82.62,117.79,104.53,23.0
2025-03-03,82.42,117.72,104.79,22.985
2025-03-04,82.43,117.61,103.91,22.93
2025-03-05,82.34,117.18,103.13,22.84
2025-03-06,82.39,117.23,102.87,22.835
2025-03-07,82.38,117.15,102.61,22.805
2025-03-10,82.53,117.69,103.59,22.925
2025-03-11,82.48,117.47,102.98,22.865
2025-03-12,82.42,117.26,102.45,22.805
2025-03-13,82.48,117.54,103.22,22.88
2025-03-14,82.42,117.25,102.74,22.82
2025-03-17,82.39,117.22,103.08,22.835
2025-03-18,82.39,117.33,103.23,22.865
2025-03-19,82.51,117.6,103.66,22.915
2025-03-20,82.53,117.73,103.83,22.935
2025-03-21,82.58,117.76,103.48,22.92
2025-03-24,82.47,117.33,102.51,22.82
2025-03-25,82.5,117.49,102.63,22.84
2025-03-26,82.48,117.36,102.13,22.795
2025-03-27,82.52,117.4,101.89,22.79
2025-03-28,82.67,117.99,103.14,22.93
2025-03-31,82.73,118.135,103.75,22.985
2025-04-01,82.48,118.01,104.05,22.97
2025-04-02,82.42,117.87,103.92,22.95
2025-04-03,82.73,118.9,104.85,23.12
2025-04-04,82.68,119.1,105.63,23.17
2025-04-07,82.69,118.31,102.88,22.95
2025-04-08,82.64,118.19,101.19,22.85
2025-04-09,82.59,117.68,101.43,22.82
2025-04-10,82.58,117.52,99.53,22.69
2025-04-11,82.43,116.99,99.46,22.64
2025-04-14,82.61,117.66,100.39,22.75
2025-04-15,82.61,117.83,100.71,22.79
2025-04-16,82.72,118.23,101.24,22.86
2025-04-17,82.75,118.14,100.59,22.81
2025-04-21,82.7,117.95,99.09,22.715
2025-04-22,82.73,117.93,99.63,22.74
2025-04-23,82.67,117.82,100.4,22.77
2025-04-24,82.77,118.22,101.22,22.86
2025-04-25,82.84,118.5,101.96,22.92
2025-04-28,82.96,118.85,102.4,22.99
2025-04-29,83.01,119.1,103.12,23.06
2025-04-30,83.12,119.39,102.64,23.08
2025-05-01,82.69,118.62,101.73,22.91
2025-05-02,82.53,118.06,100.83,22.81
2025-05-05,82.52,117.98,100.42,22.77
2025-05-06,82.59,118.2,100.63,22.81
2025-05-07,82.62,118.32,101.06,22.845
2025-05-08,82.45,117.71,100.01,22.72
2025-05-09,82.49,117.78,100.17,22.74
2025-05-12,82.34,117.21,99.37,22.63
2025-05-13,82.32,117.2,98.97,22.605
2025-05-14,82.26,116.93,98.51,22.54
2025-05-15,82.42,117.43,99.27,22.655
2025-05-16,82.4,117.44,99.45,22.665
2025-05-19,82.43,117.51,99.16,22.655
2025-05-20,82.44,117.48,98.69,22.625
2025-05-21,82.39,117.12,97.29,22.51
2025-05-22,82.44,117.37,97.73,22.56
2025-05-23,82.49,117.56,98.08,22.6
2025-05-27,82.52,117.77,99.03,22.68
2025-05-28,82.46,117.59,98.63,22.64
2025-05-29,82.55,117.87,99.37,22.715
2025-05-30,82.65,118.19,99.7,22.76
2025-06-02,82.31,117.58,98.59,22.62
2025-06-03,82.29,117.48,98.48,22.6
2025-06-04,82.44,117.99,99.84,22.74
2025-06-05,82.35,117.69,99.74,22.7
2025-06-06,82.21,117.11,98.61,22.58
2025-06-09,82.27,117.25,98.75,22.605
2025-06-10,82.27,117.32,99.12,22.63
2025-06-11,82.4,117.69,99.56,22.69
2025-06-12,82.47,117.98,100.51,22.77
2025-06-13,82.41,117.76,99.67,22.7
