Date,GOVT
2015-06-16,0.002005604483586998
2015-06-17,0.003963170536429139
2015-06-18,0.0020016012810248895
2015-06-19,0.005204163330664535
2015-06-22,0.0004003202562048447
2015-06-23,-0.0012009607686149781
2015-06-24,0.0004003202562048447
2015-06-25,-0.0008006405124099114
2015-06-26,-0.0032025620496397567
2015-06-29,0.0032025620496396456
2015-06-30,0.0016012810248198228
2015-07-01,-0.0024019215372297342
2015-07-02,0.0
2015-07-06,0.004403522818254624
2015-07-07,0.006805444355484358
2015-07-08,0.009207365892714314
2015-07-09,0.0036028823058449344
2015-07-10,2.220446049250313e-16
2015-07-13,-0.00220176140912709
2015-07-14,2.220446049250313e-16
2015-07-15,0.0020016012810251116
2015-07-16,0.002802241793435023
2015-07-17,0.0032025620496400897
2015-07-20,0.001601281024820267
2015-07-21,0.0024019215372301783
2015-07-22,0.004003202562050001
2015-07-23,0.006605284227382269
2015-07-24,0.0076060848678947135
2015-07-27,0.009207365892714536
2015-07-28,0.008206565252202092
2015-07-29,0.006805444355484802
2015-07-30,0.00800640512409978
2015-07-31,0.011120896717374373
2015-08-03,0.012409927942354404
2015-08-04,0.008807045636509692
2015-08-05,0.006373098478783534
2015-08-06,0.009207365892714758
2015-08-07,0.011609287429944493
2015-08-10,0.008807045636509692
2015-08-11,0.01361088871096916
2015-08-12,0.013210568454764093
2015-08-13,0.01160928742994427
2015-08-14,0.01080864691753436
2015-08-17,0.012409927942354182
2015-08-18,0.01080864691753436
2015-08-19,0.014411529223379071
2015-08-20,0.015616493194555936
2015-08-21,0.01841473178542863
2015-08-24,0.018014411529223562
2015-08-25,0.01560848678943172
2015-08-26,0.010008006405124226
2015-08-27,0.011208967173739204
2015-08-28,0.009607686148919159
2015-08-31,0.009207365892714314
2015-09-01,0.010008006405124226
2015-09-02,0.008807045636509248
2015-09-03,0.01040832666132907
2015-09-04,0.011609287429943826
2015-09-08,0.008006405124099114
2015-09-09,0.009607686148918937
2015-09-10,0.00840672538030418
2015-09-11,0.009607686148918937
2015-09-14,0.010808646917533915
2015-09-15,0.004403522818254402
2015-09-16,0.004403522818254402
2015-09-17,0.00920736589271387
2015-09-18,0.013210568454763427
2015-09-21,0.009211369095275979
2015-09-22,0.012009607686148671
2015-09-23,0.012810248198558583
2015-09-24,0.013610888710968494
2015-09-25,0.011609287429943604
2015-09-28,0.015212169735788317
2015-09-29,0.018014411529223118
2015-09-30,0.017369895916733213
2015-10-01,0.017614091273018273
2015-10-02,0.020416333066452852
2015-10-05,0.017213771016813206
2015-10-06,0.018014411529223118
2015-10-07,0.01681345076060814
2015-10-08,0.015212169735788317
2015-10-09,0.014011208967173339
2015-10-12,0.01681345076060814
2015-10-13,0.017814251401120584
2015-10-14,0.021617293835067608
2015-10-15,0.019215372297837874
2015-10-16,0.018815052041632807
2015-10-19,0.018414731785427962
2015-10-20,0.016012810248198006
2015-10-21,0.018414731785427962
2015-10-22,0.01869495596477133
2015-10-23,0.016012810248198006
2015-10-26,0.017213771016812984
2015-10-27,0.018815052041632807
2015-10-28,0.015612489991993161
2015-10-29,0.012009607686148449
2015-10-30,0.013210568454763205
2015-11-02,0.009207365892713648
2015-11-03,0.00800640512409867
2015-11-04,0.006805444355483692
2015-11-05,0.0060048038430737805
2015-11-06,0.0008006405124092453
2015-11-09,0.00040032025620417855
2015-11-10,0.0016012810248191567
2015-11-11,-0.00040032025620573286
2015-11-12,0.0020016012810242234
2015-11-13,0.004403522818253958
2015-11-16,0.004803843074459024
2015-11-17,0.005204163330663869
2015-11-18,0.004803843074459024
2015-11-19,0.006204963971176314
2015-11-20,0.005204163330663869
2015-11-23,0.0060048038430737805
2015-11-24,0.006805444355483692
2015-11-25,0.007205764611688759
2015-11-27,0.0060048038430737805
2015-11-30,0.00800640512409867
2015-12-01,0.009607686148918493
2015-12-02,0.009207365892713648
2015-12-03,0.0020016012810244455
2015-12-04,0.0036028823058442683
2015-12-07,0.0060048038430740025
2015-12-08,0.007205764611688981
2015-12-09,0.006405124099279069
2015-12-10,0.006405124099279069
2015-12-11,0.012009607686148671
2015-12-14,0.006805444355484136
2015-12-15,0.004403522818254402
2015-12-16,0.0032025620496394236
2015-12-17,0.006405124099279069
2015-12-18,0.008807045636508803
2015-12-21,0.008807045636508803
2015-12-22,0.0068014411529218055
2015-12-23,0.005204163330664091
2015-12-24,0.005204163330664091
2015-12-28,0.0060048038430740025
2015-12-29,0.0016012810248193787
2015-12-30,0.0020016012810244455
2015-12-31,0.0032025620496392015
2016-01-04,0.005604483586868936
2016-01-05,0.004403522818253958
2016-01-06,0.008406725380303737
2016-01-07,0.010408326661328404
2016-01-08,0.01160928742994316
2016-01-11,0.010008006405123338
2016-01-12,0.013210568454762983
2016-01-13,0.016012810248197784
2016-01-14,0.014211369095275428
2016-01-15,0.017614091273017607
2016-01-19,0.01721377101681254
2016-01-20,0.020816653322657253
2016-01-21,0.01921537229783743
2016-01-22,0.01801441152922245
2016-01-25,0.01921537229783743
2016-01-26,0.02001601281024734
2016-01-27,0.019615692554042274
2016-01-28,0.021617293835067164
2016-01-29,0.02481985588470703
2016-02-01,0.02121697357886232
2016-02-02,0.02762209767814161
2016-02-03,0.026020816653321566
2016-02-04,0.028022417934346455
2016-02-05,0.0284227381905513
2016-02-08,0.033626901521215835
2016-02-09,0.033626901521215835
2016-02-10,0.036429143314650636
2016-02-11,0.03923138510808544
2016-02-12,0.033626901521215835
2016-02-16,0.0312249799839861
2016-02-17,0.029623698959166056
2016-02-18,0.0328262610088057
2016-02-19,0.0328262610088057
2016-02-22,0.03202562049639579
2016-02-23,0.03362690152121561
2016-02-24,0.0328262610088057
2016-02-25,0.03482786228983059
2016-02-26,0.03122497998398588
2016-02-29,0.033026421136908235
2016-03-01,0.026020816653321344
2016-03-02,0.0256204963971165
2016-03-03,0.0256204963971165
2016-03-04,0.02441953562850152
2016-03-07,0.02241793434747663
2016-03-08,0.027221777421936322
2016-03-09,0.02441953562850152
2016-03-10,0.02241793434747663
2016-03-11,0.020016012810246897
2016-03-14,0.020016012810246897
2016-03-15,0.020416333066451964
2016-03-16,0.024419535628501743
2016-03-17,0.025220176140911654
2016-03-18,0.026821457165731477
2016-03-21,0.024419535628501743
2016-03-22,0.023218574859886765
2016-03-23,0.02702161729383401
2016-03-24,0.026421136909526632
2016-03-28,0.026421136909526632
2016-03-29,0.031625300240190946
2016-03-30,0.030024019215371123
2016-03-31,0.032826261008805924
2016-04-01,0.031625300240190946
2016-04-04,0.03202562049639601
2016-04-05,0.03602882305844557
2016-04-06,0.034427542033625746
2016-04-07,0.037229783827060325
2016-04-08,0.036429143314650414
2016-04-11,0.0356285028022405
2016-04-12,0.03362690152121561
2016-04-13,0.0328262610088057
2016-04-14,0.03202562049639579
2016-04-15,0.03402722177742046
2016-04-18,0.0328262610088057
2016-04-19,0.032425940752600635
2016-04-20,0.02922337870296099
2016-04-21,0.02642113690952619
2016-04-22,0.026821457165731033
2016-04-25,0.02522017614091121
2016-04-26,0.024019215372296232
2016-04-27,0.027622097678141166
2016-04-28,0.0300240192153709
2016-04-29,0.02922337870296099
2016-05-02,0.02642113690952619
2016-05-03,0.030424339471575745
2016-05-04,0.03242594075260041
2016-05-05,0.03362690152121517
2016-05-06,0.03162530024019028
2016-05-09,0.034027221777420014
2016-05-10,0.034027221777420014
2016-05-11,0.034827862289829925
2016-05-12,0.03322658126500988
2016-05-13,0.03602882305844468
2016-05-16,0.03322658126500988
2016-05-17,0.03242594075259997
2016-05-18,0.02682145716573059
2016-05-19,0.028022417934345567
2016-05-20,0.028622898318652945
2016-05-23,0.028422738190550634
2016-05-24,0.02682145716573059
2016-05-25,0.026020816653320678
2016-05-26,0.029023218574858012
2016-05-27,0.027622097678140722
2016-05-31,0.029023218574858012
2016-06-01,0.027221777421935656
2016-06-02,0.030024019215370457
2016-06-03,0.03642914331464997
2016-06-06,0.03442754203362508
2016-06-07,0.03522818254603499
2016-06-08,0.03642914331464997
2016-06-09,0.037630104083264726
2016-06-10,0.040432345876699305
2016-06-13,0.04203362690151935
2016-06-14,0.04163330664531428
2016-06-15,0.04363490792633917
2016-06-16,0.044435548438749084
2016-06-17,0.043234587670134106
2016-06-20,0.039631705364289394
2016-06-21,0.03803042433946957
2016-06-22,0.03923138510808455
2016-06-23,0.035628502802239836
2016-06-24,0.045236188951158995
2016-06-27,0.052041633306643575
2016-06-28,0.05164131305043851
2016-06-29,0.04963971176941362
2016-06-30,0.05044035228182353
2016-07-01,0.05284227381905349
2016-07-05,0.05724579663730789
2016-07-06,0.05724579663730789
2016-07-07,0.05604483586869291
2016-07-08,0.0580464371497178
2016-07-11,0.054843875100078154
2016-07-12,0.050040032025618464
2016-07-13,0.0524419535628482
2016-07-14,0.048839071257003486
2016-07-15,0.046036829463568685
2016-07-18,0.046036829463568685
2016-07-19,0.04763811048838851
2016-07-20,0.04523618895115855
2016-07-21,0.04723779023218322
2016-07-22,0.04643714971977331
2016-07-25,0.04643714971977331
2016-07-26,0.046837469975978374
2016-07-27,0.05004003202561824
2016-07-28,0.05004003202561824
2016-07-29,0.0540432345876678
2016-08-01,0.04923939151320833
2016-08-02,0.04723779023218344
2016-08-03,0.04803843074459335
2016-08-04,0.05004003202561824
2016-08-05,0.04523618895115877
2016-08-08,0.04523618895115877
2016-08-09,0.048038430744593574
2016-08-10,0.050040032025618464
2016-08-11,0.04643714971977375
2016-08-12,0.048038430744593574
2016-08-15,0.046837469975978596
2016-08-16,0.04563650920736384
2016-08-17,0.04723779023218366
2016-08-18,0.048238590872695886
2016-08-19,0.04563650920736362
2016-08-22,0.04803843074459313
2016-08-23,0.04803843074459313
2016-08-24,0.04723779023218322
2016-08-25,0.04603682946356824
2016-08-26,0.043634907926338506
2016-08-29,0.04683746997597815
2016-08-30,0.04643714971977331
2016-08-31,0.04523618895115833
2016-09-01,0.045636509207363396
2016-09-02,0.043634907926338506
2016-09-06,0.046437149719773085
2016-09-07,0.04603682946356802
2016-09-08,0.04283426741392837
2016-09-09,0.03923138510808366
2016-09-12,0.03923138510808366
2016-09-13,0.036829463570853926
2016-09-14,0.036829463570853926
2016-09-15,0.03763010408326384
2016-09-16,0.03803042433946868
2016-09-19,0.03722978382705877
2016-09-20,0.038831064851878594
2016-09-21,0.04043234587669842
2016-09-22,0.041833466773415706
2016-09-23,0.04283426741392837
2016-09-26,0.04403522818254313
2016-09-27,0.045636509207363174
2016-09-28,0.04603682946356802
2016-09-29,0.04603682946356802
2016-09-30,0.04403522818254313
2016-10-03,0.041633306645313395
2016-10-04,0.03843074459567375
2016-10-05,0.03662930344275139
2016-10-06,0.034027221777419125
2016-10-07,0.03562850280223917
2016-10-10,0.03362690152121428
2016-10-11,0.03282626100880437
2016-10-12,0.0324259407525993
2016-10-13,0.034627702161726504
2016-10-14,0.03162530024018939
2016-10-17,0.03362690152121428
2016-10-18,0.03482786228982926
2016-10-19,0.03482786228982926
2016-10-20,0.035228182546034326
2016-10-21,0.035228182546034326
2016-10-24,0.033226581265009436
2016-10-25,0.0336269015212145
2016-10-26,0.033226581265009436
2016-10-27,0.03002401921536979
2016-10-28,0.029623698959164724
2016-10-31,0.03162530024018961
2016-11-01,0.03032425940752348
2016-11-02,0.032425940752599525
2016-11-03,0.03002401921536979
2016-11-04,0.03282626100880459
2016-11-07,0.03002401921536979
2016-11-08,0.027622097678140056
2016-11-09,0.01681345076060592
2016-11-10,0.01200960768614645
2016-11-11,0.010408326661326406
2016-11-14,0.007606084867891827
2016-11-15,0.007606084867891827
2016-11-16,0.008807045636506583
2016-11-17,0.006004803843071782
2016-11-18,0.003202562049636981
2016-11-21,0.003202562049636981
2016-11-22,0.0040032025620468925
2016-11-23,0.002001601281022225
2016-11-25,0.002001601281022225
2016-11-28,0.004403522818251959
2016-11-29,0.005204163330661871
2016-11-30,0.00040032025620218015
2016-12-01,-0.0028022417934374655
2016-12-02,-2.7755575615628914e-15
2016-12-05,-2.7755575615628914e-15
2016-12-06,-0.0006004803843102646
2016-12-07,0.002001601281022003
2016-12-08,-0.0004003202562078423
2016-12-09,-0.004403522818257399
2016-12-12,-0.0028022417934375765
2016-12-13,-0.0028022417934375765
2016-12-14,-0.008406725380307067
2016-12-15,-0.009607686148922046
2016-12-16,-0.00920736589271709
2016-12-19,-0.006004803843077333
2016-12-20,-0.006805444355487245
2016-12-21,-0.0056044835868723775
2016-12-22,-0.007005604483589778
2016-12-23,-0.006805444355487245
2016-12-27,-0.008406725380307067
2016-12-28,-0.005004003202564888
2016-12-29,-0.003602882305847377
2016-12-30,-0.002001601281027443
2017-01-03,-0.002001601281027443
2017-01-04,-0.0012009607686175316
2017-01-05,0.0040032025620468925
2017-01-06,0.0008006405124072469
2017-01-09,0.0028022417934321364
2017-01-10,0.0024019215372270697
2017-01-11,0.003202562049636981
2017-01-12,0.0040032025620468925
2017-01-13,0.0018014411529196916
2017-01-17,0.006405124099276849
2017-01-18,0.0012009607686123136
2017-01-19,-0.0008006405124125759
2017-01-20,-0.00040032025620762024
2017-01-23,0.0028022417934321364
2017-01-24,0.0004003202562024022
2017-01-25,-0.0024019215372321767
2017-01-26,-0.0016012810248221543
2017-01-27,-0.0008006405124122429
2017-01-30,-0.0008006405124122429
2017-01-31,0.0012009607686125356
2017-02-01,-0.001401120896719843
2017-02-02,-0.0012009607686175316
2017-02-03,-0.0012009607686175316
2017-02-06,0.0024019215372270697
2017-02-07,0.003202562049636981
2017-02-08,0.0068054443554816935
2017-02-09,0.003202562049636981
2017-02-10,0.0028022417934321364
2017-02-13,0.0012009607686123136
2017-02-14,-0.0012009607686175316
2017-02-15,-0.00320256204964231
2017-02-16,-0.0008006405124124649
2017-02-17,0.0012009607686123136
2017-02-21,0.0016012810248173803
2017-02-22,0.002001601281022447
2017-02-23,0.0034027221777399586
2017-02-24,0.007205764611686982
2017-02-27,0.0040032025620471146
2017-02-28,0.0040032025620471146
2017-03-01,-0.0028022417934372434
2017-03-02,-0.003602882305847155
2017-03-03,-0.003602882305847155
2017-03-06,-0.003602882305847155
2017-03-07,-0.005404323458769622
2017-03-08,-0.007205764611691867
2017-03-09,-0.010008006405126557
2017-03-10,-0.008006405124101779
2017-03-13,-0.010008006405126668
2017-03-14,-0.00800640512410189
2017-03-15,-0.004003202562052444
2017-03-16,-0.004803843074462355
2017-03-17,-0.003602882305847377
2017-03-20,-0.0016853482786257645
2017-03-21,0.0008006405124070248
2017-03-22,0.0024019215372268476
2017-03-23,0.002001601281022003
2017-03-24,0.002001601281022003
2017-03-27,0.0036028823058418258
2017-03-28,0.002001601281022003
2017-03-29,0.0036028823058418258
2017-03-30,0.0012009607686120916
2017-03-31,0.0028022417934319144
2017-04-03,0.004803843074456804
2017-04-04,0.0040032025620466705
2017-04-05,0.005204163330661649
2017-04-06,0.005204163330661649
2017-04-07,0.003202562049636759
2017-04-10,0.004403522818251737
2017-04-11,0.007606084867891383
2017-04-12,0.00960768614891605
2017-04-13,0.012009607686145785
2017-04-17,0.01040832666132574
2017-04-18,0.01521216973578543
2017-04-19,0.01321056845476054
2017-04-20,0.011609287429940718
2017-04-21,0.011609287429940718
2017-04-24,0.009607686148915828
2017-04-25,0.006405124099276183
2017-04-26,0.008006405124096005
2017-04-27,0.008807045636505917
2017-04-28,0.008807045636505917
2017-05-01,0.006004803843071116
2017-05-02,0.007606084867891161
2017-05-03,0.006405124099276183
2017-05-04,0.00480384307445636
2017-05-05,0.00480384307445636
2017-05-08,0.0036028823058413817
2017-05-09,0.002001601281021559
2017-05-10,0.0024019215372264036
2017-05-11,0.003202562049636315
2017-05-12,0.006004803843071116
2017-05-15,0.0052041633306612045
2017-05-16,0.006805444355481027
2017-05-17,0.012409927942350407
2017-05-18,0.012009607686145563
2017-05-19,0.011609287429940496
2017-05-22,0.010808646917530584
2017-05-23,0.00840672538030085
2017-05-24,0.010408326661325518
2017-05-25,0.010808646917530362
2017-05-26,0.011609287429940274
2017-05-30,0.013210568454760097
2017-05-31,0.013610888710965163
2017-06-01,0.012409927942350185
2017-06-02,0.015212169735784986
2017-06-05,0.014011208967170008
2017-06-06,0.016413130504399964
2017-06-07,0.014011208967170008
2017-06-08,0.013610888710965163
2017-06-09,0.012810248198555252
2017-06-12,0.01200960768614534
2017-06-13,0.012409927942350185
2017-06-14,0.01681345076060481
2017-06-15,0.015612489991990053
2017-06-16,0.016012810248194898
2017-06-19,0.014411529223375075
2017-06-20,0.01681345076060481
2017-06-21,0.017213771016809654
2017-06-22,0.0176140912730145
2017-06-23,0.0176140912730145
2017-06-26,0.018815052041629254
2017-06-27,0.015212169735784542
2017-06-28,0.015612489991989609
2017-06-29,0.013210568454759652
2017-06-30,0.011208967173734985
2017-07-03,0.00800640512409534
2017-07-05,0.00800640512409534
2017-07-06,0.006805444355480361
2017-07-07,0.005604483586865605
2017-07-10,0.006805444355480583
2017-07-11,0.006805444355480583
2017-07-12,0.00920736589271054
2017-07-13,0.008406725380300628
2017-07-14,0.00920736589271054
2017-07-17,0.009607686148915384
2017-07-18,0.012409927942350185
2017-07-19,0.012810248198555252
2017-07-20,0.012810248198555252
2017-07-21,0.014811849479580141
2017-07-24,0.012810248198555252
2017-07-25,0.00920736589271054
2017-07-26,0.011609287429940274
2017-07-27,0.009607686148915384
2017-07-28,0.011208967173735429
2017-07-31,0.011609287429940274
2017-08-01,0.012409927942350185
2017-08-02,0.012209767814247874
2017-08-03,0.014411529223375297
2017-08-04,0.01261008807045294
2017-08-07,0.012810248198555252
2017-08-08,0.012409927942350185
2017-08-09,0.013610888710965163
2017-08-10,0.01621297037629743
2017-08-11,0.01701361088870712
2017-08-14,0.015412329863887075
2017-08-15,0.013610888710964941
2017-08-16,0.014611689351477386
2017-08-17,0.017213771016809654
2017-08-18,0.017213771016809654
2017-08-21,0.018014411529219565
2017-08-22,0.016413130504399742
2017-08-23,0.018815052041629476
2017-08-24,0.017213771016809654
2017-08-25,0.018815052041629476
2017-08-28,0.019215372297834543
2017-08-29,0.020016012810244455
2017-08-30,0.020016012810244455
2017-08-31,0.020816653322654366
2017-09-01,0.017413931144912187
2017-09-05,0.022217774219371655
2017-09-06,0.020616493194551833
2017-09-07,0.023618895116088945
2017-09-08,0.023618895116088945
2017-09-11,0.019615692554039166
2017-09-12,0.0176140912730145
2017-09-13,0.01621297037629721
2017-09-14,0.016813450760604587
2017-09-15,0.016012810248194675
2017-09-18,0.014611689351477386
2017-09-19,0.014011208967170008
2017-09-20,0.013210568454760097
2017-09-21,0.012610088070452719
2017-09-22,0.013210568454760097
2017-09-25,0.015612489991990053
2017-09-26,0.014811849479580141
2017-09-27,0.011008807045632896
2017-09-28,0.011208967173735429
2017-09-29,0.010408326661325296
2017-10-02,0.008006405124095561
2017-10-03,0.008807045636505473
2017-10-04,0.00940752602081285
2017-10-05,0.008206565252197873
2017-10-06,0.006805444355480583
2017-10-09,0.008006405124095561
2017-10-10,0.008807045636505473
2017-10-11,0.00860688550840294
2017-10-12,0.009607686148915384
2017-10-13,0.011208967173735429
2017-10-16,0.010808646917530362
2017-10-17,0.010808646917530362
2017-10-18,0.008807045636505473
2017-10-19,0.009607686148915384
2017-10-20,0.006805444355480583
2017-10-23,0.00720576461168565
2017-10-24,0.00520416333066076
2017-10-25,0.004003202562045782
2017-10-26,0.002802241793431026
2017-10-27,0.004803843074455916
2017-10-30,0.007606084867890495
2017-10-31,0.0064051240992755165
2017-11-01,0.0064051240992755165
2017-11-02,0.00800640512409534
2017-11-03,0.009007205764607784
2017-11-06,0.00920736589271054
2017-11-07,0.010008006405120451
2017-11-08,0.009607686148915384
2017-11-09,0.00920736589271054
2017-11-10,0.005404323458763294
2017-11-13,0.00520416333066076
2017-11-14,0.0064051240992757386
2017-11-15,0.009607686148915384
2017-11-16,0.0064051240992757386
2017-11-17,0.008006405124095561
2017-11-20,0.00720576461168565
2017-11-21,0.00720576461168565
2017-11-22,0.010008006405120451
2017-11-24,0.008406725380300628
2017-11-27,0.009607686148915384
2017-11-28,0.008807045636505473
2017-11-29,0.006805444355480583
2017-11-30,0.004403522818250849
2017-12-01,0.006805444355480583
2017-12-04,0.0058046437149681385
2017-12-05,0.007205764611685428
2017-12-06,0.00800640512409534
2017-12-07,0.006805444355480361
2017-12-08,0.006605284227377828
2017-12-11,0.00600480384307045
2017-12-12,0.004803843074455694
2017-12-13,0.008406725380300406
2017-12-14,0.008406725380300406
2017-12-15,0.008406725380300406
2017-12-18,0.00660528422737805
2017-12-19,0.003202562049635871
2017-12-20,0.00020016012809853656
2017-12-21,-3.885780586188048e-15
2017-12-22,-0.0008006405124137972
2017-12-26,0.0008006405124061367
2017-12-27,0.004003202562045782
2017-12-28,0.004003202562045782
2017-12-29,0.004003202562045782
2018-01-02,0.0012009607686112034
2018-01-03,0.002001601281021115
2018-01-04,0.001601281024816048
2018-01-05,0.0012009607686112034
2018-01-08,0.0008006405124061367
2018-01-09,-0.0028022417934385757
2018-01-10,-0.0032025620496436424
2018-01-11,-0.00240192153723362
2018-01-12,-0.00240192153723362
2018-01-16,-0.0008006405124139082
2018-01-17,-0.0028022417934387978
2018-01-18,-0.004603682946361154
2018-01-19,-0.006204963971180977
2018-01-22,-0.0066052842273859325
2018-01-23,-0.004603682946361265
2018-01-24,-0.00640512409928351
2018-01-25,-0.004003202562053776
2018-01-26,-0.00640512409928351
2018-01-29,-0.007606084867898377
2018-01-30,-0.009607686148923156
2018-01-31,-0.0092073658927182
2018-02-01,-0.014411529223382624
2018-02-02,-0.016413130504407514
2018-02-05,-0.018014411529227337
2018-02-06,-0.01401120896717789
2018-02-07,-0.01681345076061258
2018-02-08,-0.015612489991997713
2018-02-09,-0.01681345076061269
2018-02-12,-0.016613290632510047
2018-02-13,-0.015612489991997713
2018-02-14,-0.020016012810252226
2018-02-15,-0.01961569255404727
2018-02-16,-0.018014411529227337
2018-02-20,-0.019215372297842204
2018-02-21,-0.021617293835071938
2018-02-22,-0.02041633306645707
2018-02-23,-0.018815052041637026
2018-02-26,-0.01761409127302227
2018-02-27,-0.01961569255404705
2018-02-28,-0.01761409127302216
2018-03-01,-0.016012810248202447
2018-03-02,-0.01841473178543218
2018-03-05,-0.019215372297842093
2018-03-06,-0.019215372297842093
2018-03-07,-0.019415532425944626
2018-03-08,-0.018014411529227226
2018-03-09,-0.01961569255404716
2018-03-12,-0.018014411529227226
2018-03-13,-0.01701361088871478
2018-03-14,-0.015012009607689891
2018-03-15,-0.015212169735792314
2018-03-16,-0.01621297037630476
2018-03-19,-0.016813450760612247
2018-03-20,-0.018815052041636915
2018-03-21,-0.01761409127302216
2018-03-22,-0.014811849479587358
2018-03-23,-0.01421136909527998
2018-03-26,-0.015812650120099803
2018-03-27,-0.012209767814255201
2018-03-28,-0.013010408326665113
2018-03-29,-0.011609287429947601
2018-04-02,-0.011208967173742757
2018-04-03,-0.01361088871097249
2018-04-04,-0.014411529223382402
2018-04-05,-0.016012810248202336
2018-04-06,-0.012409927942357624
2018-04-09,-0.012409927942357624
2018-04-10,-0.013610888710972602
2018-04-11,-0.012810248198562801
2018-04-12,-0.015212169735792536
2018-04-13,-0.015212169735792536
2018-04-16,-0.015212169735792536
2018-04-17,-0.014611689351485158
2018-04-18,-0.01761409127302238
2018-04-19,-0.01961569255404716
2018-04-20,-0.022017614091276894
2018-04-23,-0.02241793434748174
2018-04-24,-0.023218574859891872
2018-04-25,-0.024419535628506628
2018-04-26,-0.022818254603686805
2018-04-27,-0.021617293835071938
2018-04-30,-0.020816653322662027
2018-05-01,-0.023618895116096827
2018-05-02,-0.023618895116096827
2018-05-03,-0.021216973578867093
2018-05-04,-0.021617293835071938
2018-05-07,-0.021417133706969405
2018-05-08,-0.022017614091276894
2018-05-09,-0.024819855884711584
2018-05-10,-0.022017614091276894
2018-05-11,-0.022818254603686805
2018-05-14,-0.024019215372301672
2018-05-15,-0.027622097678146385
2018-05-16,-0.028422738190556296
2018-05-17,-0.028622898318658718
2018-05-18,-0.026421136909531517
2018-05-21,-0.025820656525223917
2018-05-22,-0.026421136909531406
2018-05-23,-0.023618895116096605
2018-05-24,-0.022017614091276783
2018-05-25,-0.018014411529227115
2018-05-29,-0.011208967173742757
2018-05-30,-0.014011208967177557
2018-05-31,-0.014811849479587469
2018-06-01,-0.018815052041637026
2018-06-04,-0.021617293835071716
2018-06-05,-0.020016012810252004
2018-06-06,-0.02241793434748174
2018-06-07,-0.01961569255404716
2018-06-08,-0.02041633306645707
2018-06-11,-0.021216973578866982
2018-06-12,-0.021617293835071827
2018-06-13,-0.022417934347481627
2018-06-14,-0.019415532425944404
2018-06-15,-0.01961569255404705
2018-06-18,-0.01961569255404705
2018-06-19,-0.01761409127302216
2018-06-20,-0.020016012810251893
2018-06-21,-0.018014411529227115
2018-06-22,-0.01761409127302216
2018-06-25,-0.017213771016817203
2018-06-26,-0.01681345076061236
2018-06-27,-0.01281024819856258
2018-06-28,-0.014411529223382402
2018-06-29,-0.01421136909527998
2018-07-02,-0.017213771016817203
2018-07-03,-0.01561248999199738
2018-07-05,-0.014411529223382513
2018-07-06,-0.014011208967177669
2018-07-09,-0.016012810248202447
2018-07-10,-0.016413130504407403
2018-07-11,-0.015212169735792536
2018-07-12,-0.015212169735792536
2018-07-13,-0.014011208967177669
2018-07-16,-0.015212169735792425
2018-07-17,-0.016012810248202447
2018-07-18,-0.016413130504407403
2018-07-19,-0.014411529223382624
2018-07-20,-0.016413130504407514
2018-07-23,-0.020016012810252115
2018-07-24,-0.01961569255404716
2018-07-25,-0.020816653322662027
2018-07-26,-0.021617293835071938
2018-07-27,-0.020816653322662027
2018-07-30,-0.021617293835071938
2018-07-31,-0.02041633306645707
2018-08-01,-0.024019215372301783
2018-08-02,-0.023218574859891872
2018-08-03,-0.021617293835071827
2018-08-06,-0.021216973578866982
2018-08-07,-0.02241793434748174
2018-08-08,-0.021617293835071827
2018-08-09,-0.020016012810252115
2018-08-10,-0.016413130504407514
2018-08-13,-0.017213771016817425
2018-08-14,-0.018014411529227337
2018-08-15,-0.016413130504407403
2018-08-16,-0.016413130504407403
2018-08-17,-0.015212169735792536
2018-08-20,-0.014011208967177669
2018-08-21,-0.01481184947958758
2018-08-22,-0.013610888710972602
2018-08-23,-0.013210568454767646
2018-08-24,-0.013210568454767646
2018-08-27,-0.014411529223382513
2018-08-28,-0.016413130504407403
2018-08-29,-0.016012810248202558
2018-08-30,-0.014411529223382624
2018-08-31,-0.014811849479587691
2018-09-04,-0.018014411529227337
2018-09-05,-0.018414731785432403
2018-09-06,-0.017213771016817536
2018-09-07,-0.020416333066457293
2018-09-10,-0.020016012810252337
2018-09-11,-0.02241793434748207
2018-09-12,-0.022017614091277116
2018-09-13,-0.02241793434748196
2018-09-14,-0.02361889511609694
2018-09-17,-0.023218574859891983
2018-09-18,-0.025620496397121717
2018-09-19,-0.02722177742194154
2018-09-20,-0.026421136909531517
2018-09-21,-0.02602081665332656
2018-09-24,-0.026821457165736473
2018-09-25,-0.027221777421941318
2018-09-26,-0.02522017614091654
2018-09-27,-0.02522017614091654
2018-09-28,-0.025620496397121606
2018-10-01,-0.029223378702966207
2018-10-02,-0.026821457165736584
2018-10-03,-0.032425940752605964
2018-10-04,-0.03362690152122083
2018-10-05,-0.03562850280224572
2018-10-08,-0.03642914331465563
2018-10-09,-0.03442754203363074
2018-10-10,-0.03442754203363074
2018-10-11,-0.03162530024019605
2018-10-12,-0.032425940752605964
2018-10-15,-0.031625300240196164
2018-10-16,-0.031625300240196164
2018-10-17,-0.0332265812650161
2018-10-18,-0.032425940752605964
2018-10-19,-0.033226581265015986
2018-10-22,-0.033226581265015986
2018-10-23,-0.03202562049640112
2018-10-24,-0.02862289831865883
2018-10-25,-0.03082465972778614
2018-10-26,-0.02722177742194154
2018-10-29,-0.027622097678146496
2018-10-30,-0.02922337870296632
2018-10-31,-0.031224979983991097
2018-11-01,-0.03202562049640101
2018-11-02,-0.036028823058450676
2018-11-05,-0.03562850280224561
2018-11-06,-0.0362289831865531
2018-11-07,-0.036028823058450676
2018-11-08,-0.03642914331465552
2018-11-09,-0.03442754203363063
2018-11-12,-0.03162530024019594
2018-11-13,-0.031224979983991097
2018-11-14,-0.03002401921537623
2018-11-15,-0.029623698959171274
2018-11-16,-0.027622097678146385
2018-11-19,-0.026421136909531406
2018-11-20,-0.026421136909531406
2018-11-21,-0.026421136909531406
2018-11-23,-0.026821457165736362
2018-11-26,-0.026821457165736362
2018-11-27,-0.026421136909531406
2018-11-28,-0.027221777421941318
2018-11-29,-0.02522017614091654
2018-11-30,-0.024419535628506628
2018-12-03,-0.02522017614091654
2018-12-04,-0.020816653322661915
2018-12-06,-0.018815052041637137
2018-12-07,-0.01761409127302238
2018-12-10,-0.016413130504407403
2018-12-11,-0.01761409127302227
2018-12-12,-0.019215372297842093
2018-12-13,-0.018815052041637137
2018-12-14,-0.01761409127302238
2018-12-17,-0.015612489991997491
2018-12-18,-0.014811849479587469
2018-12-19,-0.011609287429947601
2018-12-20,-0.01281024819856258
2018-12-21,-0.012409927942357624
2018-12-24,-0.010808646917537912
2018-12-26,-0.013610888710972713
2018-12-27,-0.012810248198562912
2018-12-28,-0.009007205764615778
2018-12-31,-0.013210568454767868
2019-01-02,-0.005204163330668532
2019-01-03,0.00040032025620062583
2019-01-04,-0.004803843074463798
2019-01-07,-0.006805444355488577
2019-01-08,-0.008807045636513355
2019-01-09,-0.008807045636513355
2019-01-10,-0.010008006405128334
2019-01-11,-0.007606084867898599
2019-01-14,-0.008807045636513355
2019-01-15,-0.008807045636513355
2019-01-16,-0.009207365892718311
2019-01-17,-0.009607686148923378
2019-01-18,-0.011609287429948045
2019-01-22,-0.0098078462770258
2019-01-23,-0.009607686148923267
2019-01-24,-0.007405924739795844
2019-01-25,-0.008807045636513244
2019-01-28,-0.008807045636513244
2019-01-29,-0.0072057646116933105
2019-01-30,-0.006004803843078443
2019-01-31,-0.0032025620496436424
2019-02-01,-0.007606084867898266
2019-02-04,-0.009207365892718089
2019-02-05,-0.0078062449960008
2019-02-06,-0.007606084867898266
2019-02-07,-0.005204163330668421
2019-02-08,-0.004003202562053776
2019-02-11,-0.00500400320256611
2019-02-12,-0.00640512409928351
2019-02-13,-0.007405924739795844
2019-02-14,-0.00500400320256611
2019-02-15,-0.004803843074463798
2019-02-19,-0.00360288230584882
2019-02-20,-0.004003202562053776
2019-02-21,-0.00640512409928351
2019-02-22,-0.004603682946361265
2019-02-25,-0.005204163330668532
2019-02-26,-0.0038030424339511315
2019-02-27,-0.006204963971181088
2019-02-28,-0.007606084867898488
2019-03-01,-0.012009607686153001
2019-03-04,-0.009807846277025689
2019-03-05,-0.009407526020820733
2019-03-06,-0.007806244996001022
2019-03-07,-0.005204163330668754
2019-03-08,-0.003602882305848931
2019-03-11,-0.00560448358687371
2019-03-12,-0.0026020816653365975
2019-03-13,-0.003002401921541442
2019-03-14,-0.004403522818258732
2019-03-15,-0.002401921537233953
2019-03-18,-0.0028022417934389088
2019-03-19,-0.0032025620496439755
2019-03-20,0.0012009607686107593
2019-03-21,0.001000800640508226
2019-03-22,0.006805444355480139
2019-03-25,0.008406725380300184
2019-03-26,0.008406725380300184
2019-03-27,0.010808646917529918
2019-03-28,0.010808646917529918
2019-03-29,0.010408326661324852
2019-04-01,0.002802241793430582
2019-04-02,0.0036028823058404935
2019-04-03,0.0020016012810206707
2019-04-04,0.002802241793430582
2019-04-05,0.0030024019215328934
2019-04-08,0.0024019215372255154
2019-04-09,0.0036028823058404935
2019-04-10,0.004803843074455472
2019-04-11,0.002802241793430582
2019-04-12,-0.0002001601281066412
2019-04-15,0.0008006405124056926
2019-04-16,-0.0020016012810291084
2019-04-17,-0.0010008006405166636
2019-04-18,0.0008006405124056926
2019-04-22,-0.0004003202562092856
2019-04-23,0.0008006405124056926
2019-04-24,0.0036028823058402715
2019-04-25,0.0030024019215326714
2019-04-26,0.0048038430744550276
2019-04-29,0.0032025620496349827
2019-04-30,0.004403522818249961
2019-05-01,0.0032025620496349827
2019-05-02,0.0014011208967128486
2019-05-03,0.00220176140912276
2019-05-06,0.003803042433942583
2019-05-07,0.00640512409927485
2019-05-08,0.005204163330659872
2019-05-09,0.006805444355479695
2019-05-10,0.006204963971172317
2019-05-13,0.01000800640511934
2019-05-14,0.00920736589270943
2019-05-15,0.011609287429939164
2019-05-16,0.010208166533221874
2019-05-17,0.010808646917529474
2019-05-20,0.009207365892709651
2019-05-21,0.008606885508402273
2019-05-22,0.010808646917529696
2019-05-23,0.015412329863886853
2019-05-24,0.015612489991989387
2019-05-28,0.018414731785424188
2019-05-29,0.018815052041629032
2019-05-30,0.021617293835063833
2019-05-31,0.02682145716572837
2019-06-03,0.02902321857485557
2019-06-04,0.02562049639711339
2019-06-05,0.024419535628498412
2019-06-06,0.02481985588470348
2019-06-07,0.02762209767813828
2019-06-10,0.024619695756600946
2019-06-11,0.024019215372293568
2019-06-12,0.02562049639711339
2019-06-13,0.027221777421933213
2019-06-14,0.02842273819054819
2019-06-17,0.028022417934343125
2019-06-18,0.02922337870295788
2019-06-19,0.03182546036829015
2019-06-20,0.03282626100880259
2019-06-21,0.029623698959162947
2019-06-24,0.032025620496392904
2019-06-25,0.03322658126500766
2019-06-26,0.03042433947157286
2019-06-27,0.03282626100880259
2019-06-28,0.03342674139310997
2019-07-01,0.030424339471572637
2019-07-02,0.03282626100880237
2019-07-03,0.03482786228982726
2019-07-05,0.029423538831060192
2019-07-08,0.028823058446752814
2019-07-09,0.028022417934342903
2019-07-10,0.028422738190547747
2019-07-11,0.024819855884703035
2019-07-12,0.02522017614090788
2019-07-15,0.02722177742193277
2019-07-16,0.025620496397112946
2019-07-17,0.029223378702957437
2019-07-18,0.03082465972777726
2019-07-19,0.029223378702957437
2019-07-22,0.030424339471572193
2019-07-23,0.02862289831865006
2019-07-24,0.029623698959162503
2019-07-25,0.02802241793434268
2019-07-26,0.028422738190547525
2019-07-29,0.029223378702957437
2019-07-30,0.029223378702957437
2019-07-31,0.03162530024018717
2019-08-01,0.03763010408326162
2019-08-02,0.04003202562049113
2019-08-05,0.04683746997597549
2019-08-06,0.049239391513205444
2019-08-07,0.04963971176941029
2019-08-08,0.04963971176941029
2019-08-09,0.04843875100079553
2019-08-12,0.05504403522817736
2019-08-13,0.05244195356284509
2019-08-14,0.05944755804643176
2019-08-15,0.0640512409927887
2019-08-16,0.06224979983986656
2019-08-19,0.05724579663730456
2019-08-20,0.06144915932745665
2019-08-21,0.058446757405919536
2019-08-22,0.056445156124894647
2019-08-23,0.06244995996796887
2019-08-26,0.06084867894314905
2019-08-27,0.06565252201760874
2019-08-28,0.06605284227381358
2019-08-29,0.06445156124899376
2019-08-30,0.06445156124899376
2019-09-03,0.06445156124899376
2019-09-04,0.06605284227381358
2019-09-05,0.05904723779022669
2019-09-06,0.060648518815046515
2019-09-09,0.054443554843869535
2019-09-10,0.048238590872692555
2019-09-11,0.04723779023218011
2019-09-12,0.04523618895115522
2019-09-13,0.038030424339465796
2019-09-16,0.04123298638910544
2019-09-17,0.04403522818254002
2019-09-18,0.044835868694950154
2019-09-19,0.045236188951155
2019-09-20,0.0496397117694094
2019-09-23,0.05044035228181931
2019-09-24,0.05484387510007416
2019-09-25,0.049239391513204556
2019-09-26,0.051240992794229445
2019-09-27,0.0524419535628442
2019-09-30,0.05384307445956149
2019-10-01,0.054843875100073936
2019-10-02,0.0568454763810986
2019-10-03,0.060448358686943315
2019-10-04,0.06325060048037812
2019-10-07,0.06004803843073847
2019-10-08,0.061649319455558294
2019-10-09,0.05924739791832856
2019-10-10,0.05384307445956149
2019-10-11,0.049239391513204556
2019-10-14,0.05004003202561447
2019-10-15,0.047037630104077355
2019-10-16,0.047838270616487266
2019-10-17,0.04723779023217989
2019-10-18,0.04823859087269211
2019-10-21,0.04483586869494993
2019-10-22,0.0468374699759746
2019-10-23,0.0468374699759746
2019-10-24,0.047037630104077355
2019-10-25,0.044835868694950154
2019-10-28,0.042033626901515575
2019-10-29,0.042033626901515575
2019-10-30,0.04643714971976998
2019-10-31,0.05224179343474189
2019-11-01,0.049039231385102244
2019-11-04,0.04463570856684762
2019-11-05,0.04043234587669553
2019-11-06,0.0430344275420278
2019-11-07,0.03682946357085082
2019-11-08,0.035228182546030995
2019-11-11,0.036028823058440906
2019-11-12,0.03702962369895357
2019-11-13,0.039231385108080774
2019-11-14,0.042834267413925486
2019-11-15,0.042834267413925486
2019-11-18,0.04383506805443771
2019-11-19,0.04563650920736029
2019-11-20,0.049239391513205
2019-11-21,0.046837469975975266
2019-11-22,0.04703763010407802
2019-11-25,0.048038430744590244
2019-11-26,0.04923939151320522
2019-11-27,0.0476381104883854
2019-11-29,0.047437950360282866
2019-12-02,0.042433947157720864
2019-12-03,0.04963971176941029
2019-12-04,0.046036829463565576
2019-12-05,0.04443554843874575
2019-12-06,0.042433947157720864
2019-12-09,0.04283426741392593
2019-12-10,0.04223378702961833
2019-12-11,0.045236188951155665
2019-12-12,0.039631705364286285
2019-12-13,0.043835068054438375
2019-12-16,0.04083266613290126
2019-12-17,0.040432345876696196
2019-12-18,0.038230584467568995
2019-12-19,0.03722978382705655
2019-12-20,0.03763010408326162
2019-12-23,0.036829463570851484
2019-12-24,0.03803042433946646
2019-12-26,0.03923138510808144
2019-12-27,0.040432345876696196
2019-12-30,0.039631705364286285
2019-12-31,0.03843074459567153
2020-01-02,0.040432345876696196
2020-01-03,0.045636509207360954
2020-01-06,0.044235388310643664
2020-01-07,0.04243394715772131
2020-01-08,0.040832666132901485
2020-01-09,0.04143314651720886
2020-01-10,0.0438350680544386
2020-01-13,0.042834267413926375
2020-01-14,0.044835868694951264
2020-01-15,0.04643714971977109
2020-01-16,0.044835868694951264
2020-01-17,0.043634907926336286
2020-01-21,0.047237790232181
2020-01-22,0.04803843074459091
2020-01-23,0.05044035228182042
2020-01-24,0.05304243394715269
2020-01-27,0.05864691753402207
2020-01-28,0.0560448358686898
2020-01-29,0.05984787830263705
2020-01-30,0.06004803843073958
2020-01-31,0.0642514011208919
2020-02-03,0.06204963971176469
2020-02-04,0.056845476381099935
2020-02-05,0.05364291433146029
2020-02-06,0.05484387510007527
2020-02-07,0.05804643714971491
2020-02-10,0.0600480384307398
2020-02-11,0.05824659727781745
2020-02-12,0.056044835868690246
2020-02-13,0.05684547638110016
2020-02-14,0.058046437149715135
2020-02-18,0.06044835868694487
2020-02-19,0.060048038430740025
2020-02-20,0.06365092073658474
2020-02-21,0.06725380304242945
2020-02-24,0.07365892714170874
2020-02-25,0.07646116893514354
2020-02-26,0.07506004803842625
2020-02-27,0.07966373098478319
2020-02-28,0.0888710968774975
2020-03-02,0.0860688550840627
2020-03-03,0.09567654123298186
2020-03-04,0.0932746196957519
2020-03-05,0.10128102481985124
2020-03-06,0.11929543634907458
2020-03-09,0.13170536429142832
2020-03-10,0.11128903122497524
2020-03-11,0.10568454763810564
2020-03-12,0.10448358686949066
2020-03-13,0.09807846277021137
2020-03-16,0.11569255404322965
2020-03-17,0.09087269815852195
2020-03-18,0.0798638911128855
2020-03-19,0.08166533226580763
2020-03-20,0.10608486789431026
2020-03-23,0.11929543634907391
2020-03-24,0.11369095276220431
2020-03-25,0.11369095276220431
2020-03-26,0.11609287429943405
2020-03-27,0.12650120096076312
2020-03-30,0.12129703763009858
2020-03-31,0.12129703763009858
2020-04-01,0.1248999199359433
2020-04-02,0.1248999199359433
2020-04-03,0.1265012009607629
2020-04-06,0.12369895916732809
2020-04-07,0.12009607686148338
2020-04-08,0.11849479583666356
2020-04-09,0.11849479583666356
2020-04-13,0.11629303442753636
2020-04-14,0.11689351481184374
2020-04-15,0.12530024019214792
2020-04-16,0.1293034427541977
2020-04-17,0.12449959967973823
2020-04-20,0.12730184147317303
2020-04-21,0.13050440352281267
2020-04-22,0.12730184147317303
2020-04-23,0.12890312249799285
2020-04-24,0.12810248198558294
2020-04-27,0.1228983186549184
2020-04-28,0.12690152121696796
2020-04-29,0.12610088070455805
2020-04-30,0.12329863891112325
2020-05-01,0.12369895916732832
2020-05-04,0.1228983186549184
2020-05-05,0.12209767814250849
2020-05-06,0.1172938350680488
2020-05-07,0.1228983186549184
2020-05-08,0.11929543634907369
2020-05-11,0.11649319455563889
2020-05-12,0.11969575660527854
2020-05-13,0.12209767814250827
2020-05-14,0.124499599679738
2020-05-15,0.12389911929543063
2020-05-18,0.11689351481184374
2020-05-19,0.11929543634907347
2020-05-20,0.11969575660527831
2020-05-21,0.12049639711768823
2020-05-22,0.12249799839871311
2020-05-26,0.11929543634907347
2020-05-27,0.11869495596476609
2020-05-28,0.11809447558045871
2020-05-29,0.12029623698958614
2020-06-01,0.11749399519615134
2020-06-02,0.11569255404322898
2020-06-03,0.11128903122497436
2020-06-04,0.1072858286629248
2020-06-05,0.10348278622897777
2020-06-08,0.10448358686949
2020-06-09,0.1088871096877444
2020-06-10,0.11369095276220409
2020-06-11,0.11869495596476609
2020-06-12,0.11609287429943382
2020-06-15,0.11609287429943382
2020-06-16,0.11289031224979418
2020-06-17,0.11369095276220409
2020-06-18,0.11629303442753658
2020-06-19,0.11649319455563889
2020-06-22,0.11649319455563889
2020-06-23,0.1150920736589216
2020-06-24,0.1178943154523564
2020-06-25,0.11869495596476631
2020-06-26,0.12169735788630365
2020-06-29,0.12209767814250871
2020-06-30,0.12049639711768889
2020-07-01,0.11809447558045916
2020-07-02,0.12289831865491885
2020-07-06,0.11769415532425431
2020-07-07,0.12109687750199649
2020-07-08,0.12049639711768911
2020-07-09,0.12449959967973889
2020-07-10,0.12289831865491907
2020-07-13,0.12389911929543129
2020-07-14,0.12409927942353383
2020-07-15,0.12329863891112391
2020-07-16,0.12449959967973889
2020-07-17,0.12409927942353383
2020-07-20,0.1246997598078412
2020-07-21,0.12530024019214858
2020-07-22,0.12590072057645618
2020-07-23,0.12850280224178845
2020-07-24,0.12870296236989098
2020-07-27,0.12690152121696863
2020-07-28,0.12970376301040343
2020-07-29,0.12990392313850596
2020-07-30,0.13190552441953085
2020-07-31,0.13210568454763338
2020-08-03,0.1301040832666085
2020-08-04,0.1329063250600433
2020-08-05,0.1301040832666085
2020-08-06,0.13130504403522325
2020-08-07,0.12930344275419836
2020-08-10,0.12790232185748107
2020-08-11,0.12369895916732898
2020-08-12,0.12129703763009925
2020-08-13,0.11809447558045938
2020-08-14,0.117493995196152
2020-08-17,0.11809447558045938
2020-08-18,0.12009607686148427
2020-08-19,0.11869495596476698
2020-08-20,0.12129703763009925
2020-08-21,0.122497998398714
2020-08-24,0.12209767814250916
2020-08-25,0.1196957566052792
2020-08-26,0.11889511609286929
2020-08-27,0.11429143314651236
2020-08-28,0.11529223378702458
2020-08-31,0.1168935148118444
2020-09-01,0.11929543634907414
2020-09-02,0.12169735788630387
2020-09-03,0.12249799839871378
2020-09-04,0.11649319455563956
2020-09-08,0.11849479583666422
2020-09-09,0.11769415532425431
2020-09-10,0.11929543634907414
2020-09-11,0.12009607686148405
2020-09-14,0.11969575660527898
2020-09-15,0.11969575660527898
2020-09-16,0.11849479583666422
2020-09-17,0.11889511609286907
2020-09-18,0.11809447558045916
2020-09-21,0.11969575660527876
2020-09-22,0.11949559647717622
2020-09-23,0.11989591673338129
2020-09-24,0.1206965572457912
2020-09-25,0.12129703763009858
2020-09-28,0.12049639711768867
2020-09-29,0.12089671737389374
2020-09-30,0.11889511609286885
2020-10-01,0.11809447558045894
2020-10-02,0.11669335468374165
2020-10-05,0.1106885508406672
2020-10-06,0.1128903122497944
2020-10-07,0.10988791032825729
2020-10-08,0.11188951160928218
2020-10-09,0.11108887109687227
2020-10-12,0.11208967173738471
2020-10-13,0.11449159327461444
2020-10-14,0.11529223378702458
2020-10-15,0.11489191353081973
2020-10-16,0.1140912730184096
2020-10-19,0.11248999199358978
2020-10-20,0.11008807045636004
2020-10-21,0.10848678943154022
2020-10-22,0.10488390712569551
2020-10-23,0.10688550840672018
2020-10-26,0.10968775020015498
2020-10-27,0.11208967173738493
2020-10-28,0.11208967173738493
2020-10-29,0.10888710968774507
2020-10-30,0.10568454763810542
2020-11-02,0.10648518815051533
2020-11-03,0.10488390712569551
2020-11-04,0.11168935148117964
2020-11-05,0.11289031224979462
2020-11-06,0.10928742994394991
2020-11-09,0.10188150520415795
2020-11-10,0.10008006405123582
2020-11-11,0.10048038430744066
2020-11-12,0.10628502802241258
2020-11-13,0.10588470776620751
2020-11-16,0.10528422738190013
2020-11-17,0.10708566853482249
2020-11-18,0.1072858286629248
2020-11-19,0.10888710968774462
2020-11-20,0.11168935148117942
2020-11-23,0.11028823058446213
2020-11-24,0.10768614891913009
2020-11-25,0.10728582866292502
2020-11-27,0.10968775020015475
2020-11-30,0.11028823058446235
2020-12-01,0.09407526020816137
2020-12-02,0.0920736589271367
2020-12-03,0.09507606084867382
2020-12-04,0.09067253803041919
2020-12-07,0.09407526020816115
2020-12-08,0.0950760608486736
2020-12-09,0.09407526020816115
2020-12-10,0.09607686148918604
2020-12-11,0.09827862289831346
2020-12-14,0.09727782225780124
2020-12-15,0.09647718174539133
2020-12-16,0.09567654123298142
2020-12-17,0.09367493995195653
2020-12-18,0.09327461969575146
2020-12-21,0.09447558046436644
2020-12-22,0.09567654123298142
2020-12-23,0.09407526020816137
2020-12-24,0.09447558046436644
2020-12-28,0.0948759007205715
2020-12-29,0.09467574059246897
2020-12-30,0.09527622097677657
2020-12-31,0.0904723779023171
2021-01-04,0.09587670136108417
2021-01-05,0.09367493995195697
2021-01-06,0.08726981585267768
2021-01-07,0.08446757405924288
2021-01-08,0.08286629303442306
2021-01-11,0.08186549239391061
2021-01-12,0.08186549239391061
2021-01-13,0.08486789431544794
2021-01-14,0.08306645316252559
2021-01-15,0.08446757405924288
2021-01-19,0.08526821457165279
2021-01-20,0.08566853482785786
2021-01-21,0.08406725380303803
2021-01-22,0.08486789431544817
2021-01-25,0.08867093674939541
2021-01-26,0.08807045636508803
2021-01-27,0.08927141713370301
2021-01-28,0.08706965572457581
2021-01-29,0.08546837469975599
2021-02-01,0.08566853482785852
2021-02-02,0.08326661329062879
2021-02-03,0.08046437149719399
2021-02-04,0.07966373098478408
2021-02-05,0.07806244995996425
2021-02-08,0.07846277021616932
2021-02-09,0.0790632506004767
2021-02-10,0.08126501200960412
2021-02-11,0.07986389111288683
2021-02-12,0.07606084867893959
2021-02-16,0.07125700560448012
2021-02-17,0.07285828662930016
2021-02-18,0.07185748598878772
2021-02-19,0.0680544435548407
2021-02-22,0.06585268214571349
2021-02-23,0.06545236188950843
2021-02-24,0.06365092073658629
2021-02-25,0.05364291433146229
2021-02-26,0.06485188150520127
2021-03-01,0.06084867894315171
2021-03-02,0.061649319455561624
2021-03-03,0.05844675740592198
2021-03-04,0.05524419535628233
2021-03-05,0.05524419535628233
2021-03-08,0.051841473178540154
2021-03-09,0.0556445156124874
2021-03-10,0.05664531625299962
2021-03-11,0.05584467574058971
2021-03-12,0.049239391513207886
2021-03-15,0.05104083266613002
2021-03-16,0.05044035228182264
2021-03-17,0.04903923138510535
2021-03-18,0.04543634907926064
2021-03-19,0.04663730984787562
2021-03-22,0.04943955164131042
2021-03-23,0.05164131305043784
2021-03-24,0.05364291433146273
2021-03-25,0.052441953562847754
2021-03-26,0.05084067253802793
2021-03-29,0.048238590872695664
2021-03-30,0.04863891112890051
2021-03-31,0.0484387510007982
2021-04-01,0.05064051240992562
2021-04-05,0.04843875100079842
2021-04-06,0.051841473178540376
2021-04-07,0.05084067253802793
2021-04-08,0.053042433947155354
2021-04-09,0.051841473178540376
2021-04-12,0.051240992794233
2021-04-13,0.053843074459565265
2021-04-14,0.05284227381905304
2021-04-15,0.05804643714971758
2021-04-16,0.055644515612487844
2021-04-19,0.05524419535628278
2021-04-20,0.057245796637307444
2021-04-21,0.05684547638110238
2021-04-22,0.058046437149717356
2021-04-23,0.05764611689351251
2021-04-26,0.05704563650920491
2021-04-27,0.05404323458766758
2021-04-28,0.055244195356282555
2021-04-29,0.05404323458766758
2021-04-30,0.055244195356282555
2021-05-03,0.05484387510007771
2021-05-04,0.05644515612489753
2021-05-05,0.057245796637307444
2021-05-06,0.057445956765409756
2021-05-07,0.057245796637307444
2021-05-10,0.05484387510007771
2021-05-11,0.05364291433146273
2021-05-12,0.04943955164131064
2021-05-13,0.05084067253802793
2021-05-14,0.053042433947155354
2021-05-17,0.05224179343474544
2021-05-18,0.051641313050438065
2021-05-19,0.050440352281823086
2021-05-20,0.053042433947155354
2021-05-21,0.053843074459565265
2021-05-24,0.05464371497197518
2021-05-25,0.05764611689351251
2021-05-26,0.05684547638110238
2021-05-27,0.05644515612489753
2021-05-28,0.05644515612489753
2021-06-01,0.054443554843872644
2021-06-02,0.0556445156124874
2021-06-03,0.05364291433146251
2021-06-04,0.058046437149717134
2021-06-07,0.056845476381102156
2021-06-08,0.05944755804643442
2021-06-09,0.061649319455561624
2021-06-10,0.06405124099279136
2021-06-11,0.06305044035227914
2021-06-14,0.0606485188150494
2021-06-15,0.0600480384307418
2021-06-16,0.05704563650920469
2021-06-17,0.0606485188150494
2021-06-18,0.06525220176140634
2021-06-21,0.061649319455561624
2021-06-22,0.06265012009607407
2021-06-23,0.06124899919935678
2021-06-24,0.061649319455561624
2021-06-25,0.05864691753402451
2021-06-28,0.061649319455561624
2021-06-29,0.06204963971176669
2021-06-30,0.06485188150520127
2021-07-01,0.06204963971176647
2021-07-02,0.062449959967971314
2021-07-06,0.06905524419535314
2021-07-07,0.0716573258606854
2021-07-08,0.0738590872698126
2021-07-09,0.06925540432345567
2021-07-12,0.0686549239391483
2021-07-13,0.06585268214571349
2021-07-14,0.06925540432345567
2021-07-15,0.07265812650119785
2021-07-16,0.07185748598878794
2021-07-19,0.07886309047237483
2021-07-20,0.07746196957565732
2021-07-21,0.0730584467574027
2021-07-22,0.0758606885508375
2021-07-23,0.0744595676541202
2021-07-26,0.07285828662930038
2021-07-27,0.07526020816653012
2021-07-28,0.0764611689351451
2021-07-29,0.07526020816653012
2021-07-30,0.0764611689351451
2021-08-02,0.07926341072857968
2021-08-03,0.07946357085668221
2021-08-04,0.07946357085668221
2021-08-05,0.07726180944755501
2021-08-06,0.07165732586068563
2021-08-09,0.0700560448358658
2021-08-10,0.06845476381104598
2021-08-11,0.06905524419535336
2021-08-12,0.06805444355484092
2021-08-13,0.07285828662930038
2021-08-16,0.07405924739791514
2021-08-17,0.0738590872698126
2021-08-18,0.07425940752601767
2021-08-19,0.07626100880704234
2021-08-20,0.07606084867893981
2021-08-23,0.07606084867893981
2021-08-24,0.07365892714171007
2021-08-25,0.07085668534827527
2021-08-26,0.06084867894315127
2021-08-27,0.07405924739791514
2021-08-30,0.07526020816653012
2021-08-31,0.0744595676541202
2021-09-01,0.07325860688550523
2021-09-02,0.0744595676541202
2021-09-03,0.072257806244993
2021-09-07,0.06925540432345567
2021-09-08,0.0714571657325831
2021-09-09,0.07465972778222274
2021-09-10,0.07165732586068563
2021-09-13,0.0736589271417103
2021-09-14,0.07666132906324763
2021-09-15,0.07566052842273518
2021-09-16,0.07325860688550523
2021-09-17,0.07125700560448056
2021-09-20,0.07566052842273518
2021-09-21,0.07485988791032527
2021-09-22,0.07606084867894003
2021-09-23,0.0688550840672506
2021-09-24,0.06565252201761096
2021-09-27,0.06405124099279091
2021-09-28,0.059847878302638824
2021-09-29,0.06084867894315127
2021-09-30,0.06204963971176625
2021-10-01,0.06385108086468838
2021-10-04,0.06325060048038078
2021-10-05,0.0598478783026386
2021-10-06,0.06084867894315105
2021-10-07,0.0576461168935114
2021-10-08,0.05564451561248651
2021-10-11,0.052441953562846866
2021-10-12,0.058046437149716246
2021-10-13,0.06044835868694598
2021-10-14,0.06124899919935611
2021-10-15,0.05844675740592131
2021-10-18,0.05824659727781878
2021-10-19,0.05504403522817913
2021-10-20,0.053642914331461844
2021-10-21,0.05184147317853949
2021-10-22,0.054243394715769444
2021-10-25,0.05484387510007682
2021-10-26,0.056445156124896645
2021-10-27,0.06164931945556096
2021-10-28,0.05884707766212616
2021-10-29,0.06044835868694598
2021-11-01,0.05744595676540887
2021-11-02,0.060048038430741135
2021-11-03,0.057245796637306334
2021-11-04,0.06124899919935611
2021-11-05,0.06565252201761074
2021-11-08,0.063250600480381
2021-11-09,0.0674539631705331
2021-11-10,0.06004803843074136
2021-11-11,0.05804643714971647
2021-11-12,0.057846277021613934
2021-11-15,0.05424339471576922
2021-11-16,0.05364291433146162
2021-11-17,0.05644515612489642
2021-11-18,0.057846277021613934
2021-11-19,0.0598478783026386
2021-11-22,0.05444355484387153
2021-11-23,0.050440352281821754
2021-11-24,0.05364291433146162
2021-11-26,0.06405124099279047
2021-11-29,0.06265012009607318
2021-11-30,0.06605284227381514
2021-12-01,0.06765412329863496
2021-12-02,0.06605284227381492
2021-12-03,0.07025620496396723
2021-12-06,0.06565252201761029
2021-12-07,0.062449959967970425
2021-12-08,0.058246597277818335
2021-12-09,0.06004803843074069
2021-12-10,0.05984787830263816
2021-12-13,0.06405124099279003
2021-12-14,0.06325060048038011
2021-12-15,0.06124899919935545
2021-12-16,0.061849479583662825
2021-12-17,0.06425140112089256
2021-12-20,0.06365092073658496
2021-12-21,0.06004803843074025
2021-12-22,0.061248999199355225
2021-12-23,0.0660528422738147
2021-12-27,0.059247397918330336
2021-12-28,0.058446757405920424
2021-12-29,0.05524419535628078
2021-12-30,0.057646116893510735
2021-12-31,0.06805444355483958
2022-01-03,0.04963971176941118
2022-01-04,0.04923939151320633
2022-01-05,0.046036829463566464
2022-01-06,0.04503602882305402
2022-01-07,0.04283426741392682
2022-01-10,0.04283426741392682
2022-01-11,0.04463570856684895
2022-01-12,0.04363490792633651
2022-01-13,0.04643714971977109
2022-01-14,0.04083266613290171
2022-01-18,0.03402722177741735
2022-01-19,0.037630104083262284
2022-01-20,0.03883106485187704
2022-01-21,0.04323458767013144
2022-01-24,0.04243394715772153
2022-01-25,0.04043234587669664
2022-01-26,0.035228182546032105
2022-01-27,0.039231385108081884
2022-01-28,0.04023218574859433
2022-01-31,0.040032025620491796
2022-02-01,0.037229783827056995
2022-02-02,0.03883106485187682
2022-02-03,0.03562850280223717
2022-02-04,0.02922337870295766
2022-02-07,0.02922337870295766
2022-02-08,0.02722177742193277
2022-02-09,0.027021617293830458
2022-02-10,0.018414731785423744
2022-02-11,0.025620496397112946
2022-02-14,0.020616493194550944
2022-02-15,0.017213771016808765
2022-02-16,0.020016012810243344
2022-02-17,0.02321857485988299
2022-02-18,0.025620496397112946
2022-02-22,0.02602081665331779
2022-02-23,0.021216973578858322
2022-02-24,0.021617293835063167
2022-02-25,0.02301841473178068
2022-02-28,0.031224979983982326
2022-03-01,0.038030424339466684
2022-03-02,0.02381905524419059
2022-03-03,0.027622097678137836
2022-03-04,0.03402722177741713
2022-03-07,0.03002401921536757
2022-03-08,0.0252201761409081
2022-03-09,0.021216973578858545
2022-03-10,0.01681345076060392
2022-03-11,0.01681345076060392
2022-03-14,0.0076060848678900506
2022-03-15,0.0008006405124056926
2022-03-16,0.007606084867890273
2022-03-17,0.00540432345876285
2022-03-18,0.00820656525219765
2022-03-21,-0.0020016012810288863
2022-03-22,-0.005604483586873488
2022-03-23,-0.0008006405124139082
2022-03-24,-0.00300240192154122
2022-03-25,-0.010808646917538023
2022-03-28,-0.009007205764615889
2022-03-29,-0.0060048038430787765
2022-03-30,-0.0028022417934389088
2022-03-31,-0.0028022417934389088
2022-04-01,-0.006405124099283621
2022-04-04,-0.0072057646116935326
2022-04-05,-0.015212169735792758
2022-04-06,-0.01681345076061269
2022-04-07,-0.01801441152922756
2022-04-08,-0.022017614091277227
2022-04-11,-0.02522017614091676
2022-04-12,-0.022818254603687138
2022-04-13,-0.021216973578867204
2022-04-14,-0.028823058446761363
2022-04-18,-0.02982385908727392
2022-04-19,-0.034427542033630965
2022-04-20,-0.02922337870296654
2022-04-21,-0.032425940752606186
2022-04-22,-0.03402722177742612
2022-04-25,-0.029423538831069074
2022-04-26,-0.02441953562850696
2022-04-27,-0.02842273819055663
2022-04-28,-0.02922337870296654
2022-04-29,-0.03322658126501621
2022-05-02,-0.04043234587670552
2022-05-03,-0.03883106485188548
2022-05-04,-0.03482786228983592
2022-05-05,-0.04243394715773008
2022-05-06,-0.0460368294635749
2022-05-09,-0.04083266613291037
2022-05-10,-0.039231385108090544
2022-05-11,-0.03522818254604099
2022-05-12,-0.033827061649323587
2022-05-13,-0.03742994395516819
2022-05-16,-0.036429143314655854
2022-05-17,-0.042033626901525345
2022-05-18,-0.03682946357086092
2022-05-19,-0.034427542033630965
2022-05-20,-0.03062449959968383
2022-05-23,-0.03542834267414341
2022-05-24,-0.027622097678146718
2022-05-25,-0.025220176140916872
2022-05-26,-0.02722177742194165
2022-05-27,-0.030424339471581408
2022-05-31,-0.03402722177742612
2022-06-01,-0.03763010408327072
2022-06-02,-0.037229783827065766
2022-06-03,-0.038430744595680744
2022-06-06,-0.044835868694960146
2022-06-07,-0.04083266613291048
2022-06-08,-0.04383506805444759
2022-06-09,-0.04363490792634528
2022-06-10,-0.05044035228182964
2022-06-13,-0.06325060048038844
2022-06-14,-0.06805444355484791
2022-06-15,-0.05964771817454373
2022-06-16,-0.05564451561249406
2022-06-17,-0.055244195356288994
2022-06-21,-0.05924739791833866
2022-06-22,-0.05084067253803448
2022-06-23,-0.04723779023218988
2022-06-24,-0.05004003202562457
2022-06-27,-0.05324259407526433
2022-06-28,-0.052441953562854304
2022-06-29,-0.04723779023218988
2022-06-30,-0.04323458767014032
2022-07-01,-0.036429143314655965
2022-07-05,-0.03482786228983614
2022-07-06,-0.0424339471577303
2022-07-07,-0.04523618895116499
2022-07-08,-0.04923939151321466
2022-07-11,-0.04443554843875508
2022-07-12,-0.04223378702962788
2022-07-13,-0.04043234587670563
2022-07-14,-0.043234587670140434
2022-07-15,-0.041232986389115656
2022-07-18,-0.044035228182550346
2022-07-19,-0.04723779023218999
2022-07-20,-0.0480384307445999
2022-07-21,-0.039031224979988344
2022-07-22,-0.03122497998399154
2022-07-25,-0.03442754203363119
2022-07-26,-0.03442754203363119
2022-07-27,-0.0338270616493237
2022-07-28,-0.029223378702966762
2022-07-29,-0.028823058446761696
2022-08-01,-0.02481985588471214
2022-08-02,-0.03442754203363119
2022-08-03,-0.030824659727786474
2022-08-04,-0.029223378702966762
2022-08-05,-0.039031224979988344
2022-08-08,-0.035628502802246054
2022-08-09,-0.03763010408327094
2022-08-10,-0.03763010408327094
2022-08-11,-0.04283426741393548
2022-08-12,-0.040432345876705744
2022-08-15,-0.039631705364295944
2022-08-16,-0.03923138510809099
2022-08-17,-0.043234587670140656
2022-08-18,-0.042433947157730634
2022-08-19,-0.04683746997598526
2022-08-22,-0.049439551641317414
2022-08-23,-0.05064051240993239
2022-08-24,-0.05324259407526477
2022-08-25,-0.04903923138511257
2022-08-26,-0.04843875100080508
2022-08-29,-0.05204163330664968
2022-08-30,-0.051641313050444615
2022-08-31,-0.055244195356289216
2022-09-01,-0.06164931945556862
2022-09-02,-0.058046437149723906
2022-09-06,-0.06545236188951575
2022-09-07,-0.060848678943158596
2022-09-08,-0.06325060048038844
2022-09-09,-0.06425140112090078
2022-09-12,-0.06605284227382313
2022-09-13,-0.06885508406725771
2022-09-14,-0.06905524419536024
2022-09-15,-0.07065652522018007
2022-09-16,-0.07085668534828249
2022-09-19,-0.07205764611689747
2022-09-20,-0.0758606885508446
2022-09-21,-0.07245796637310231
2022-09-22,-0.08166533226581651
2022-09-23,-0.08186549239391905
2022-09-26,-0.0900720576461207
2022-09-27,-0.09607686148919525
2022-09-28,-0.08326661329063645
2022-09-29,-0.08526821457166112
2022-09-30,-0.08887109687750583
2022-10-03,-0.0836669335468414
2022-10-04,-0.08306645316253392
2022-10-05,-0.08726981585268612
2022-10-06,-0.09047237790232587
2022-10-07,-0.09407526020817047
2022-10-10,-0.09727782225781012
2022-10-11,-0.09627702161729779
2022-10-12,-0.09367493995196541
2022-10-13,-0.09867894315452752
2022-10-14,-0.1012810248198599
2022-10-17,-0.1012810248198599
2022-10-18,-0.09927942353883512
2022-10-19,-0.10568454763811452
2022-10-20,-0.11128903122498401
2022-10-21,-0.1104883907125741
2022-10-24,-0.11228983186549635
2022-10-25,-0.10468374699760219
2022-10-26,-0.1012810248198599
2022-10-27,-0.09647718174540032
2022-10-28,-0.10008006405124503
2022-10-31,-0.10248198558847477
2022-11-01,-0.1040832666132947
2022-11-02,-0.1054843875100121
2022-11-03,-0.10808646917534426
2022-11-04,-0.11008807045636915
2022-11-07,-0.11289031224980395
2022-11-08,-0.10908726981585692
2022-11-09,-0.10688550840672961
2022-11-10,-0.09247397918335087
2022-11-11,-0.09407526020817081
2022-11-14,-0.09567654123299063
2022-11-15,-0.0904723779023262
2022-11-16,-0.08526821457166167
2022-11-17,-0.08887109687750638
2022-11-18,-0.09167333867094118
2022-11-21,-0.09127301841473623
2022-11-22,-0.08767013610889152
2022-11-23,-0.08366693354684185
2022-11-25,-0.08406725380304692
2022-11-28,-0.08246597277822698
2022-11-29,-0.0860688550840718
2022-11-30,-0.08046437149720242
2022-12-01,-0.07365892714171807
2022-12-02,-0.07165732586069318
2022-12-05,-0.07786228983187016
2022-12-06,-0.07405924739792313
2022-12-07,-0.06725380304243878
2022-12-08,-0.06965572457966862
2022-12-09,-0.07546036829464065
2022-12-12,-0.07606084867894813
2022-12-13,-0.07005604483587369
2022-12-14,-0.06885508406725871
2022-12-15,-0.06865492393915629
2022-12-16,-0.07065652522018107
2022-12-19,-0.07566052842274307
2022-12-20,-0.08066453162530507
2022-12-21,-0.07926341072858767
2022-12-22,-0.07986389111289516
2022-12-23,-0.08366693354684229
2022-12-27,-0.08907125700560936
2022-12-28,-0.09027221777422412
2022-12-29,-0.08746997598078943
2022-12-30,-0.09047237790232676
2023-01-03,-0.0856685348278673
2023-01-04,-0.08126501200961267
2023-01-05,-0.08166533226581763
2023-01-06,-0.0736589271417184
2023-01-09,-0.07125700560448867
2023-01-10,-0.07526020816653811
2023-01-11,-0.07165732586069351
2023-01-12,-0.06405124099279924
2023-01-13,-0.06785428342674626
2023-01-17,-0.06925540432346367
2023-01-18,-0.060848678943159484
2023-01-19,-0.062249799839876774
2023-01-20,-0.0674539631705412
2023-01-23,-0.06965572457966862
2023-01-24,-0.06545236188951642
2023-01-25,-0.06445156124900397
2023-01-26,-0.06645316253002875
2023-01-27,-0.06805444355484858
2023-01-30,-0.06965572457966851
2023-01-31,-0.0660528422738238
2023-02-01,-0.062449959967979085
2023-02-02,-0.06265012009608173
2023-02-03,-0.06985588470777104
2023-02-06,-0.07485988791033305
2023-02-07,-0.07686148919135782
2023-02-08,-0.07445956765412787
2023-02-09,-0.07766212970376762
2023-02-10,-0.08126501200961234
2023-02-13,-0.07946357085668998
2023-02-14,-0.08206565252202225
2023-02-15,-0.08446757405925198
2023-02-16,-0.08726981585268678
2023-02-17,-0.08446757405925209
2023-02-21,-0.0916733386709414
2023-02-22,-0.08927141713371167
2023-02-23,-0.08686949559648194
2023-02-24,-0.0916733386709413
2023-02-27,-0.09007205764612147
2023-02-28,-0.08907125700560914
2023-03-01,-0.09547638110488854
2023-03-02,-0.09787830264211828
2023-03-03,-0.0922738190552489
2023-03-06,-0.09387510008006872
2023-03-07,-0.09427542033627379
2023-03-08,-0.09467574059247885
2023-03-09,-0.0900720576461217
2023-03-10,-0.07726180944756278
2023-03-13,-0.06865492393915595
2023-03-14,-0.07566052842274285
2023-03-15,-0.06485188150520904
2023-03-16,-0.07125700560448844
2023-03-17,-0.062449959967979085
2023-03-20,-0.06565252201761884
2023-03-21,-0.07245796637310309
2023-03-22,-0.06405124099279902
2023-03-23,-0.060248198558851884
2023-03-24,-0.05924739791833966
2023-03-27,-0.06845476381105375
2023-03-28,-0.06885508406725871
2023-03-29,-0.07005604483587369
2023-03-30,-0.06845476381105386
2023-03-31,-0.06405124099279935
2023-04-03,-0.06305044035228691
2023-04-04,-0.058847077662134706
2023-04-05,-0.05564451561249506
2023-04-06,-0.05564451561249506
2023-04-10,-0.06244995996797931
2023-04-11,-0.062249799839876885
2023-04-12,-0.060848678943159484
2023-04-13,-0.06244995996797931
2023-04-14,-0.06685348278623404
2023-04-17,-0.07105684547638624
2023-04-18,-0.07025620496397611
2023-04-19,-0.07165732586069351
2023-04-20,-0.06725380304243889
2023-04-21,-0.06925540432346378
2023-04-24,-0.0658526821457216
2023-04-25,-0.05764611689351995
2023-04-26,-0.061449159327467084
2023-04-27,-0.06665332265813162
2023-04-28,-0.06164931945556962
2023-05-01,-0.07185748598879627
2023-05-02,-0.06244995996797953
2023-05-03,-0.05824659727782766
2023-05-04,-0.058646917534032506
2023-05-05,-0.06244995996797964
2023-05-08,-0.06725380304243922
2023-05-09,-0.06805444355484913
2023-05-10,-0.0628502802241846
2023-05-11,-0.06024819855885244
2023-05-12,-0.06445156124900453
2023-05-15,-0.06645316253002931
2023-05-16,-0.06825460368295178
2023-05-17,-0.07025620496397655
2023-05-18,-0.07425940752602622
2023-05-19,-0.07726180944756345
2023-05-22,-0.07806244995997336
2023-05-23,-0.07746196957566598
2023-05-24,-0.0796637309847934
2023-05-25,-0.08306645316253547
2023-05-26,-0.08246597277822798
2023-05-30,-0.07706164931946113
2023-05-31,-0.07385908726982149
2023-06-01,-0.07365892714171896
2023-06-02,-0.07926341072858845
2023-06-05,-0.07926341072858845
2023-06-06,-0.07846277021617853
2023-06-07,-0.08286629303443305
2023-06-08,-0.07886309047238338
2023-06-09,-0.08066453162530585
2023-06-12,-0.07986389111289594
2023-06-13,-0.08426741393115045
2023-06-14,-0.08326661329063811
2023-06-15,-0.07846277021617865
2023-06-16,-0.08086469175340838
2023-06-20,-0.07866293034428118
2023-06-21,-0.07806244995997369
2023-06-22,-0.08186549239392094
2023-06-23,-0.07966373098479362
2023-06-26,-0.07786228983187116
2023-06-27,-0.08006405124099836
2023-06-28,-0.07766212970376862
2023-06-29,-0.08446757405925287
2023-06-30,-0.083266613290638
2023-07-03,-0.0868694955964826
2023-07-05,-0.09007205764612225
2023-07-06,-0.09487590072058183
2023-07-07,-0.09567654123299174
2023-07-10,-0.09307445956765936
2023-07-11,-0.09207365892714692
2023-07-12,-0.08606885508407258
2023-07-13,-0.08006405124099814
2023-07-14,-0.08446757405925265
2023-07-17,-0.08306645316253536
2023-07-18,-0.08206565252202314
2023-07-19,-0.07906325060048591
2023-07-20,-0.08406725380304791
2023-07-21,-0.08386709367494527
2023-07-24,-0.08566853482786774
2023-07-25,-0.08646917534027765
2023-07-26,-0.08446757405925276
2023-07-27,-0.09147317854283965
2023-07-28,-0.08887109687750727
2023-07-31,-0.08807045636509725
2023-08-01,-0.09507606084868403
2023-08-02,-0.09687750200160639
2023-08-03,-0.10188150520416839
2023-08-04,-0.09527622097678645
2023-08-07,-0.09687750200160639
2023-08-08,-0.09367493995196652
2023-08-09,-0.09307445956765903
2023-08-10,-0.09807846277022103
2023-08-11,-0.10048038430745088
2023-08-14,-0.10188150520416828
2023-08-15,-0.10308246597278303
2023-08-16,-0.10528422738191034
2023-08-17,-0.10528422738191034
2023-08-18,-0.1042834267413979
2023-08-21,-0.10868694955965241
2023-08-22,-0.10788630904724239
2023-08-23,-0.10048038430745065
2023-08-24,-0.10248198558847532
2023-08-25,-0.10308246597278281
2023-08-28,-0.10168134507606541
2023-08-29,-0.09687750200160605
2023-08-30,-0.09707766212970859
2023-08-31,-0.09507606084868381
2023-09-01,-0.10128102481986079
2023-09-05,-0.1056845476381153
2023-09-06,-0.10648518815052521
2023-09-07,-0.10408326661329548
2023-09-08,-0.10408326661329548
2023-09-11,-0.10528422738191023
2023-09-12,-0.10448358686950021
2023-09-13,-0.10368294635709019
2023-09-14,-0.10528422738191001
2023-09-15,-0.10708566853483237
2023-09-18,-0.10628502802242246
2023-09-19,-0.10848678943154966
2023-09-20,-0.1088871096877545
2023-09-21,-0.11449159327462399
2023-09-22,-0.11168935148118919
2023-09-25,-0.11689351481185384
2023-09-26,-0.11729383506805868
2023-09-27,-0.11989591673339106
2023-09-28,-0.11769415532426375
2023-09-29,-0.11769415532426375
2023-10-02,-0.12429943955164557
2023-10-03,-0.12970376301041264
2023-10-04,-0.12489991993595306
2023-10-05,-0.124499599679748
2023-10-06,-0.12850280224179766
2023-10-09,-0.12069655724580075
2023-10-10,-0.12129703763010824
2023-10-11,-0.11749399519616088
2023-10-12,-0.12429943955164535
2023-10-13,-0.1196957566052883
2023-10-16,-0.12409927942354282
2023-10-17,-0.12930344275420724
2023-10-18,-0.13210568454764204
2023-10-19,-0.1353082465972817
2023-10-20,-0.13210568454764215
2023-10-23,-0.1289031224980023
2023-10-24,-0.12710168134508004
2023-10-25,-0.1325060048038469
2023-10-26,-0.12730184147318246
2023-10-27,-0.12730184147318246
2023-10-30,-0.12850280224179744
2023-10-31,-0.13010408326661727
2023-11-01,-0.12530024019215769
2023-11-02,-0.12089671737390306
2023-11-03,-0.11629303442754602
2023-11-06,-0.11949559647718566
2023-11-07,-0.11589271417134106
2023-11-08,-0.11289031224980395
2023-11-09,-0.11929543634908335
2023-11-10,-0.11849479583667333
2023-11-13,-0.11849479583667333
2023-11-14,-0.10968775020016408
2023-11-15,-0.11429143314652113
2023-11-16,-0.11008807045636904
2023-11-17,-0.10928742994395912
2023-11-20,-0.10808646917534415
2023-11-21,-0.10728582866293435
2023-11-22,-0.10728582866293435
2023-11-24,-0.1104883907125741
2023-11-27,-0.10588470776621706
2023-11-28,-0.10288230584467983
2023-11-29,-0.09867894315452763
2023-11-30,-0.10208166533226992
2023-12-01,-0.09727782225781034
2023-12-04,-0.09967974379504019
2023-12-05,-0.09447558046437565
2023-12-06,-0.09167333867094085
2023-12-07,-0.09227381905524834
2023-12-08,-0.09667734187350285
2023-12-11,-0.09667734187350285
2023-12-12,-0.09567654123299041
2023-12-13,-0.0850680544435588
2023-12-14,-0.08046437149720187
2023-12-15,-0.08086469175340671
2023-12-18,-0.08306645316253403
2023-12-19,-0.08186549239391916
2023-12-20,-0.07926341072858678
2023-12-21,-0.07926341072858678
2023-12-22,-0.08006405124099669
2023-12-26,-0.07946357085668931
2023-12-27,-0.07405924739792247
2023-12-28,-0.07606084867894725
2023-12-29,-0.07766212970376707
2024-01-02,-0.08046437149720176
2024-01-03,-0.07906325060048447
2024-01-04,-0.08346677341873898
2024-01-05,-0.08606885508407125
2024-01-08,-0.08346677341873887
2024-01-09,-0.08406725380304636
2024-01-10,-0.08526821457166123
2024-01-11,-0.08146517213771409
2024-01-12,-0.07966373098479185
2024-01-16,-0.08566853482786618
2024-01-17,-0.08767013610889096
2024-01-18,-0.08967173738991574
2024-01-19,-0.08967173738991574
2024-01-22,-0.08767013610889085
2024-01-23,-0.08927141713371067
2024-01-24,-0.09127301841473545
2024-01-25,-0.08827061649319834
2024-01-26,-0.08907125700560825
2024-01-29,-0.08546837469976354
2024-01-30,-0.08446757405925098
2024-01-31,-0.07926341072858656
2024-02-01,-0.07606084867894691
2024-02-02,-0.08486789431545605
2024-02-05,-0.09167333867094041
2024-02-06,-0.08787029623699327
2024-02-07,-0.08927141713371067
2024-02-08,-0.09127301841473545
2024-02-09,-0.09227381905524779
2024-02-12,-0.09147317854283787
2024-02-13,-0.09907926341073214
2024-02-14,-0.09667734187350241
2024-02-15,-0.09467574059247763
2024-02-16,-0.09747798238591221
2024-02-20,-0.09607686148919503
2024-02-21,-0.09827862289832223
2024-02-22,-0.09827862289832223
2024-02-23,-0.09487590072058005
2024-02-26,-0.09607686148919503
2024-02-27,-0.09767814251401485
2024-02-28,-0.0952762209767849
2024-02-29,-0.09327461969576023
2024-03-01,-0.09207365892714525
2024-03-04,-0.0938751000800675
2024-03-05,-0.08947157726181287
2024-03-06,-0.08787029623699316
2024-03-07,-0.08646917534027576
2024-03-08,-0.08646917534027576
2024-03-11,-0.08726981585268567
2024-03-12,-0.09047237790232543
2024-03-13,-0.09167333867094019
2024-03-14,-0.09647718174539976
2024-03-15,-0.09767814251401474
2024-03-18,-0.09847878302642465
2024-03-19,-0.09687750200160483
2024-03-20,-0.09507606084868248
2024-03-21,-0.09487590072058016
2024-03-22,-0.09127301841473556
2024-03-25,-0.09327461969576034
2024-03-26,-0.09227381905524779
2024-03-27,-0.08967173738991563
2024-03-28,-0.08847077662130076
2024-04-01,-0.09887910328262972
2024-04-02,-0.1000800640512447
2024-04-03,-0.09967974379503985
2024-04-04,-0.09687750200160505
2024-04-05,-0.1014811849479621
2024-04-08,-0.10268214571657697
2024-04-09,-0.09967974379503985
2024-04-10,-0.1092874299439589
2024-04-11,-0.10968775020016397
2024-04-12,-0.10728582866293412
2024-04-15,-0.11168935148118864
2024-04-16,-0.11409127301841848
2024-04-17,-0.11028823058447135
2024-04-18,-0.11228983186549624
2024-04-19,-0.11088871096877895
2024-04-22,-0.11088871096877895
2024-04-23,-0.11008807045636892
2024-04-24,-0.11248999199359866
2024-04-25,-0.11449159327462355
2024-04-26,-0.11309047237790615
2024-04-29,-0.11068855084067653
2024-04-30,-0.11309047237790626
2024-05-01,-0.11309047237790626
2024-05-02,-0.11008807045636915
2024-05-03,-0.1060848678943197
2024-05-06,-0.10568454763811475
2024-05-07,-0.10388310648519228
2024-05-08,-0.10528422738190968
2024-05-09,-0.10368294635708997
2024-05-10,-0.10568454763811486
2024-05-13,-0.10468374699760252
2024-05-14,-0.10268214571657763
2024-05-15,-0.09787830264211794
2024-05-16,-0.09887910328263028
2024-05-17,-0.10068054443555263
2024-05-20,-0.10168134507606497
2024-05-21,-0.10028022417934768
2024-05-22,-0.10068054443555274
2024-05-23,-0.10288230584468006
2024-05-24,-0.10208166533227014
2024-05-28,-0.10608486789431992
2024-05-29,-0.10948759007206199
2024-05-30,-0.10628502802242246
2024-05-31,-0.10288230584468028
2024-06-03,-0.10068054443555308
2024-06-04,-0.09707766212970836
2024-06-05,-0.09427542033627356
2024-06-06,-0.09427542033627356
2024-06-07,-0.1016813450760653
2024-06-10,-0.10288230584468017
2024-06-11,-0.09967974379504052
2024-06-12,-0.09607686148919592
2024-06-13,-0.0916733386709413
2024-06-14,-0.08947157726181398
2024-06-17,-0.09287429943955616
2024-06-18,-0.08927141713371156
2024-06-20,-0.09127301841473634
2024-06-21,-0.09147317854283876
2024-06-24,-0.09067253803042896
2024-06-25,-0.08987189751801905
2024-06-26,-0.09427542033627367
2024-06-27,-0.09247397918335132
2024-06-28,-0.09647718174540099
2024-07-01,-0.10408326661329537
2024-07-02,-0.10168134507606563
2024-07-03,-0.09687750200160627
2024-07-05,-0.09307445956765903
2024-07-08,-0.09327461969576156
2024-07-09,-0.09367493995196641
2024-07-10,-0.09327461969576145
2024-07-11,-0.08847077662130187
2024-07-12,-0.08666933546837952
2024-07-15,-0.08887109687750683
2024-07-16,-0.08546837469976476
2024-07-17,-0.08526821457166223
2024-07-18,-0.08767013610889207
2024-07-19,-0.0892714171337119
2024-07-22,-0.0900720576461218
2024-07-23,-0.08967173738991685
2024-07-24,-0.09127301841473667
2024-07-25,-0.08967173738991685
2024-07-26,-0.08666933546837963
2024-07-29,-0.08546837469976487
2024-07-30,-0.08406725380304758
2024-07-31,-0.07886309047238294
2024-08-01,-0.07766212970376818
2024-08-02,-0.06545236188951675
2024-08-05,-0.06485188150520915
2024-08-06,-0.07205764611689847
2024-08-07,-0.07405924739792324
2024-08-08,-0.07626100880705056
2024-08-09,-0.07405924739792324
2024-08-12,-0.07165732586069351
2024-08-13,-0.06845476381105386
2024-08-14,-0.06745396317054142
2024-08-15,-0.072257806245001
2024-08-16,-0.07025620496397611
2024-08-19,-0.06925540432346367
2024-08-20,-0.06605284227382402
2024-08-21,-0.06465172137710662
2024-08-22,-0.06805444355484869
2024-08-23,-0.06485188150520904
2024-08-26,-0.06545236188951642
2024-08-27,-0.06585268214572126
2024-08-28,-0.0660528422738238
2024-08-29,-0.06745396317054098
2024-08-30,-0.0696557245796684
2024-09-03,-0.06765412329864362
2024-09-04,-0.06265012009608151
2024-09-05,-0.061048839071261796
2024-09-06,-0.059647718174544506
2024-09-09,-0.05844675740592942
2024-09-10,-0.05504403522818713
2024-09-11,-0.05584467574059704
2024-09-12,-0.05744595676541686
2024-09-13,-0.05544435548439208
2024-09-16,-0.053042433947162126
2024-09-17,-0.05464371497198217
2024-09-18,-0.05804643714972424
2024-09-19,-0.05864691753403173
2024-09-20,-0.05884707766213415
2024-09-23,-0.05924739791833922
2024-09-24,-0.058446757405929306
2024-09-25,-0.06144915932746642
2024-09-26,-0.061849479583671485
2024-09-27,-0.05884707766213426
2024-09-30,-0.06124899919936411
2024-10-01,-0.06144915932746653
2024-10-02,-0.06385108086469626
2024-10-03,-0.06725380304243855
2024-10-04,-0.07405924739792302
2024-10-07,-0.07686148919135771
2024-10-08,-0.07566052842274273
2024-10-09,-0.07846277021617742
2024-10-10,-0.07886309047238227
2024-10-11,-0.07846277021617731
2024-10-14,-0.07926341072858722
2024-10-15,-0.0754603682946402
2024-10-16,-0.07445956765412776
2024-10-17,-0.07866293034427996
2024-10-18,-0.07786228983187005
2024-10-21,-0.08286629303443205
2024-10-22,-0.083266613290637
2024-10-23,-0.08486789431545683
2024-10-24,-0.08346677341873943
2024-10-25,-0.08486789431545683
2024-10-28,-0.0860688550840717
2024-10-29,-0.08586869495596916
2024-10-30,-0.08666933546837907
2024-10-31,-0.08646917534027665
2024-11-01,-0.09267413931145363
2024-11-04,-0.08847077662130143
2024-11-05,-0.08787029623699405
2024-11-06,-0.09527622097678579
2024-11-07,-0.09047237790232632
2024-11-08,-0.08847077662130143
2024-11-11,-0.09027221777422367
2024-11-12,-0.09487590072058083
2024-11-13,-0.09527622097678579
2024-11-14,-0.09487590072058094
2024-11-15,-0.09467574059247841
2024-11-18,-0.09367493995196585
2024-11-19,-0.09207365892714603
2024-11-20,-0.09347477982386343
2024-11-21,-0.09407526020817092
2024-11-22,-0.09367493995196596
2024-11-25,-0.08566853482786663
2024-11-26,-0.08706965572458392
2024-11-27,-0.08446757405925154
2024-11-29,-0.08146517213771431
2024-12-02,-0.08326661329063667
2024-12-03,-0.08526821457166134
2024-12-04,-0.08226581265012411
2024-12-05,-0.08206565252202158
2024-12-06,-0.08026421136909923
2024-12-09,-0.08246597277822654
2024-12-10,-0.08446757405925143
2024-12-11,-0.0864691753402762
2024-12-12,-0.08987189751801838
2024-12-13,-0.09247397918335054
2024-12-16,-0.09227381905524823
2024-12-17,-0.09187349879904327
2024-12-18,-0.0998799039231425
2024-12-19,-0.1020816653322697
2024-12-20,-0.10068054443555241
2024-12-23,-0.10308246597278214
2024-12-24,-0.10248198558847477
2024-12-26,-0.1018815052041675
2024-12-27,-0.10368294635708974
2024-12-30,-0.10028022417934745
2024-12-31,-0.0800640512409968
2025-01-02,-0.1006805444355523
2025-01-03,-0.10168134507606463
2025-01-06,-0.10208166533226959
2025-01-07,-0.10528422738190923
2025-01-08,-0.10428342674139679
2025-01-10,-0.10848678943154888
2025-01-13,-0.10908726981585637
2025-01-14,-0.10928742994395879
2025-01-15,-0.10288230584467939
2025-01-16,-0.10108086469175703
2025-01-17,-0.10108086469175703
2025-01-21,-0.09867894315452708
2025-01-22,-0.10008006405124448
2025-01-23,-0.10208166533226926
2025-01-24,-0.10008006405124448
2025-01-27,-0.09567654123298985
2025-01-28,-0.09587670136109228
2025-01-29,-0.09687750200160483
2025-01-30,-0.09527622097678479
2025-01-31,-0.09607686148919481
2025-02-03,-0.09807846277021959
2025-02-04,-0.0966773418735023
2025-02-05,-0.09247397918335021
2025-02-06,-0.09287429943955527
2025-02-07,-0.09567654123299008
2025-02-10,-0.0958767013610925
2025-02-11,-0.09727782225780979
2025-02-12,-0.10208166533226937
2025-02-13,-0.09707766212970736
2025-02-14,-0.09427542033627256
2025-02-18,-0.09787830264211717
2025-02-19,-0.09667734187350219
2025-02-20,-0.09547638110488732
2025-02-21,-0.09147317854283765
2025-02-24,-0.08987189751801783
2025-02-25,-0.0846677341873533
2025-02-26,-0.08246597277822576
2025-02-27,-0.0834667734187382
2025-02-28,-0.079263410728586
2025-03-03,-0.07986389111289349
2025-03-04,-0.0820656525220208
2025-03-05,-0.0856685348278654
2025-03-06,-0.08586869495596794
2025-03-07,-0.0870696557245828
2025-03-10,-0.08226581265012323
2025-03-11,-0.08466773418735307
2025-03-12,-0.0870696557245828
2025-03-13,-0.08406725380304558
2025-03-14,-0.08646917534027532
2025-03-17,-0.08586869495596794
2025-03-18,-0.08466773418735318
2025-03-19,-0.0826661329063284
2025-03-20,-0.0818654923939185
2025-03-21,-0.08246597277822587
2025-03-24,-0.08646917534027554
2025-03-25,-0.08566853482786563
2025-03-26,-0.08746997598078787
2025-03-27,-0.08767013610889052
2025-03-28,-0.08206565252202103
2025-03-31,-0.0798638911128936
2025-04-01,-0.08046437149720109
2025-04-02,-0.081265012009611
2025-04-03,-0.07445956765412653
2025-04-04,-0.07245796637310176
2025-04-07,-0.081265012009611
2025-04-08,-0.08526821457166056
2025-04-09,-0.08646917534027543
2025-04-10,-0.09167333867093996
2025-04-11,-0.09367493995196485
2025-04-14,-0.08927141713371023
2025-04-15,-0.0876701361088903
2025-04-16,-0.0848678943154555
2025-04-17,-0.08686949559648038
2025-04-21,-0.09067253803042741
2025-04-22,-0.08967173738991507
2025-04-23,-0.0884707766213002
2025-04-24,-0.0848678943154556
2025-04-25,-0.08246597277822576
2025-04-28,-0.07966373098479118
2025-04-29,-0.07686148919135638
2025-04-30,-0.07606084867894647
2025-05-01,-0.08286629303443083
2025-05-02,-0.0868694955964806
2025-05-05,-0.08847077662130043
2025-05-06,-0.08686949559648072
2025-05-07,-0.0854683746997632
2025-05-08,-0.09047237790232521
2025-05-09,-0.0896717373899154
2025-05-12,-0.09407526020817003
2025-05-13,-0.09507606084868236
2025-05-14,-0.09767814251401463
2025-05-15,-0.09307445956765736
2025-05-16,-0.09267413931145241
2025-05-19,-0.09307445956765725
2025-05-20,-0.09427542033627212
2025-05-21,-0.09887910328262917
2025-05-22,-0.0968775020016045
2025-05-23,-0.09527622097678445
2025-05-27,-0.09207365892714481
2025-05-28,-0.09367493995196463
2025-05-29,-0.09067253803042741
2025-05-30,-0.08887109687750494
2025-06-02,-0.09447558046437443
2025-06-03,-0.09527622097678434
2025-06-04,-0.08967173738991496
2025-06-05,-0.09127301841473479
2025-06-06,-0.09607686148919437
2025-06-09,-0.09507606084868181
2025-06-10,-0.09407526020816936
2025-06-11,-0.09167333867093941
2025-06-12,-0.08847077662129976
2025-06-13,-0.09127301841473456
