Date,0
2015-06-16,0.0022647981105989867
2015-06-17,0.0025753527861900327
2015-06-18,0.0021237755729106578
2015-06-19,0.005477847101242883
2015-06-22,0.0003876808241103369
2015-06-23,-0.001228998119984559
2015-06-24,0.0007004676828954448
2015-06-25,-0.0012047283451999125
2015-06-26,-0.00395757151721865
2015-06-29,0.0032896351523317158
2015-06-30,0.0018688446087475885
2015-07-01,-0.0026042621533887145
2015-07-02,-0.00015876164271078075
2015-07-06,0.00458863297164247
2015-07-07,0.0067842802609163755
2015-07-08,0.009035132475061936
2015-07-09,0.0047393908237869375
2015-07-10,-0.00012477532813159886
2015-07-13,-0.0015502250810494056
2015-07-14,-0.0002251152894566788
2015-07-15,0.002710567911738737
2015-07-16,0.0030323716057791827
2015-07-17,0.0031367757825915277
2015-07-20,0.0020470793348101868
2015-07-21,0.0038279611837739314
2015-07-22,0.004635422191348049
2015-07-23,0.007398615893759786
2015-07-24,0.007967011371026178
2015-07-27,0.010138631694246003
2015-07-28,0.008322715219895471
2015-07-29,0.006991416562319941
2015-07-30,0.00758018494251167
2015-07-31,0.011849708083923938
2015-08-03,0.012598833515264252
2015-08-04,0.009263128910904639
2015-08-05,0.007185463938299108
2015-08-06,0.010209961196479211
2015-08-07,0.01217062713881445
2015-08-10,0.010540915941331441
2015-08-11,0.015511477318319145
2015-08-12,0.01515550846307856
2015-08-13,0.013377384390989455
2015-08-14,0.01261876754022695
2015-08-17,0.013984038534373244
2015-08-18,0.012633093650255
2015-08-19,0.016769634761589103
2015-08-20,0.018101579381746058
2015-08-21,0.020369626730627255
2015-08-24,0.02130231305256647
2015-08-25,0.01848612116996895
2015-08-26,0.013981168825690338
2015-08-27,0.014302699201246272
2015-08-28,0.01406066679288509
2015-08-31,0.012595554382113017
2015-09-01,0.014037694671859668
2015-09-02,0.012970957170365338
2015-09-03,0.014295071878862586
2015-09-04,0.015982502720040648
2015-09-08,0.013654602242084923
2015-09-09,0.014364632257736654
2015-09-10,0.013240599009412657
2015-09-11,0.01483140549229911
2015-09-14,0.01529325742866039
2015-09-15,0.011087018152484918
2015-09-16,0.010690463755177682
2015-09-17,0.016856848686564785
2015-09-18,0.020521618102485872
2015-09-21,0.017762188996298
2015-09-22,0.02189489545998269
2015-09-23,0.021256225285541053
2015-09-24,0.02281556142940966
2015-09-25,0.0215196370866082
2015-09-28,0.025291325273841148
2015-09-29,0.02707704226735963
2015-09-30,0.026956620273152154
2015-10-01,0.02641608233169479
2015-10-02,0.03029624692616517
2015-10-05,0.027683641557526117
2015-10-06,0.028768045166864376
2015-10-07,0.026936943156681936
2015-10-08,0.025239027991248664
2015-10-09,0.025327057876274095
2015-10-13,0.026140911034253422
2015-10-14,0.030404467715855255
2015-10-15,0.028404101463009424
2015-10-16,0.028048068117886515
2015-10-19,0.027922499964802228
2015-10-20,0.02600814002089602
2015-10-21,0.027955811248964846
2015-10-22,0.028571447483066947
2015-10-23,0.02579905508781488
2015-10-26,0.02720181130186794
2015-10-27,0.028520519865661953
2015-10-28,0.025538848138735304
2015-10-29,0.022829317709331498
2015-10-30,0.023562184245281115
2015-11-02,0.02055292079927451
2015-11-03,0.019101431698067994
2015-11-04,0.017727350503858652
2015-11-05,0.017035832008287954
2015-11-06,0.0135661696680347
2015-11-09,0.012524811841922556
2015-11-10,0.01392639471678514
2015-11-12,0.014764377458451827
2015-11-13,0.017250953916062572
2015-11-16,0.01772340932668448
2015-11-17,0.017687833797793706
2015-11-18,0.0171611086828245
2015-11-19,0.018394339105946678
2015-11-20,0.017646587796864788
2015-11-23,0.018304000436967893
2015-11-24,0.018927876242142094
2015-11-25,0.019091591414161835
2015-11-27,0.019674389936375825
2015-11-30,0.02003226224898258
2015-12-01,0.02259296355731011
2015-12-02,0.021221487168115782
2015-12-03,0.016914372772450115
2015-12-04,0.018990391542139662
2015-12-07,0.020988162103390717
2015-12-08,0.02139624131195217
2015-12-09,0.022315071851563673
2015-12-10,0.02126300745389731
2015-12-11,0.027164566405996737
2015-12-14,0.023686578028562444
2015-12-15,0.02130246390015733
2015-12-16,0.019928161418162338
2015-12-17,0.022818911487925142
2015-12-18,0.025293468623126314
2015-12-21,0.025611575027580935
2015-12-22,0.02329089672076501
2015-12-23,0.021643350388709015
2015-12-24,0.021937271536656366
2015-12-28,0.02195009228473621
2015-12-29,0.01948761413530864
2015-12-30,0.0196514189312591
2015-12-31,0.020282155672716184
2016-01-04,0.023091532264667203
2016-01-05,0.022573310018273673
2016-01-06,0.02722687553842018
2016-01-07,0.028958190665411943
2016-01-08,0.030808703907978296
2016-01-11,0.02879617623772468
2016-01-12,0.03179784717217071
2016-01-13,0.03410362733378136
2016-01-14,0.03279635960645466
2016-01-15,0.03710197999261333
2016-01-19,0.03626548528504503
2016-01-20,0.03975726005103364
2016-01-21,0.038530728970695094
2016-01-22,0.037216008041954574
2016-01-25,0.03868349777058988
2016-01-26,0.039629621984976326
2016-01-27,0.03968307172474761
2016-01-28,0.040827956947154576
2016-01-29,0.044809297985779484
2016-02-01,0.04253465635419862
2016-02-02,0.04821633042447826
2016-02-03,0.047335194997957686
2016-02-04,0.048776177655782016
2016-02-05,0.04887141556716057
2016-02-08,0.055295107972388235
2016-02-09,0.05481097964380077
2016-02-10,0.05679492188476942
2016-02-11,0.059931275338511725
2016-02-12,0.056590674569336086
2016-02-16,0.05390172680807126
2016-02-17,0.052162539462671464
2016-02-18,0.05525925591448644
2016-02-19,0.05479550284331336
2016-02-22,0.05457880760655698
2016-02-23,0.05562158247513027
2016-02-24,0.05539348544667888
2016-02-25,0.05738532173194777
2016-02-26,0.05466122989126898
2016-02-29,0.05582936265396854
2016-03-01,0.050497726750997396
2016-03-02,0.05014845240268495
2016-03-03,0.0508255857628479
2016-03-04,0.04852382548535816
2016-03-07,0.047268351665223696
2016-03-08,0.05222460332333956
2016-03-09,0.04956261334318124
2016-03-10,0.04762030341350609
2016-03-11,0.0449855567405979
2016-03-14,0.04530606573788343
2016-03-15,0.045507848954985386
2016-03-16,0.04965926145690158
2016-03-17,0.05062323458706586
2016-03-18,0.052111493261650654
2016-03-21,0.04961006911536092
2016-03-22,0.048534619312907035
2016-03-23,0.05236067663670285
2016-03-24,0.05142317857483114
2016-03-28,0.052425618851472455
2016-03-29,0.058240752980244004
2016-03-30,0.056448392199015096
2016-03-31,0.059726690199960464
2016-04-01,0.05826364055643718
2016-04-04,0.058993125860451245
2016-04-05,0.06221959804339239
2016-04-06,0.06017061944471047
2016-04-07,0.06458979422713496
2016-04-08,0.06304511562067527
2016-04-11,0.06309680813512131
2016-04-12,0.061232803033849814
2016-04-13,0.06137205299932447
2016-04-14,0.05980359576602501
2016-04-15,0.0621666472543394
2016-04-18,0.061165248657406135
2016-04-19,0.060063366172958155
2016-04-20,0.05749636354740928
2016-04-21,0.056054777673795186
2016-04-22,0.05560039208919276
2016-04-25,0.05406840892417408
2016-04-26,0.05256941593991016
2016-04-27,0.0568717011687534
2016-04-28,0.059421466538050804
2016-04-29,0.05970273568056328
2016-05-02,0.056240320566266044
2016-05-03,0.06063176737801346
2016-05-04,0.062113498730767436
2016-05-05,0.06406974657583464
2016-05-06,0.06236379108015222
2016-05-09,0.0640731681456399
2016-05-10,0.06382502190897044
2016-05-11,0.06497390592846486
2016-05-12,0.06316898880187982
2016-05-13,0.06553089618696228
2016-05-16,0.06278919720747211
2016-05-17,0.06234171754469431
2016-05-18,0.05768706707119575
2016-05-19,0.05884387745330533
2016-05-20,0.059479739880260896
2016-05-23,0.059886753052524444
2016-05-24,0.058003975234661276
2016-05-25,0.05774766121496411
2016-05-26,0.06078523266086289
2016-05-27,0.058815002285990126
2016-05-31,0.060349627015146234
2016-06-01,0.05902287527706007
2016-06-02,0.06191414390858507
2016-06-03,0.06844887274650047
2016-06-06,0.06679471686195604
2016-06-07,0.067969757700447
2016-06-08,0.068932881053263
2016-06-09,0.07024241576386281
2016-06-10,0.07268334850919844
2016-06-13,0.07468549168180783
2016-06-14,0.07442293994535909
2016-06-15,0.07677430194733903
2016-06-16,0.07746727149545518
2016-06-17,0.07628313031226752
2016-06-20,0.07361373930737813
2016-06-21,0.07247319058996382
2016-06-22,0.07367278412204947
2016-06-23,0.0710492862169172
2016-06-24,0.08177252865500462
2016-06-27,0.08920898244102538
2016-06-28,0.0893898970611724
2016-06-29,0.0869477910584342
2016-06-30,0.08820980974721326
2016-07-01,0.09029988704197223
2016-07-05,0.09416768855262725
2016-07-06,0.09373101524091121
2016-07-07,0.09303199247586136
2016-07-08,0.09407665412583954
2016-07-11,0.09094500985834708
2016-07-12,0.08803235916456065
2016-07-13,0.09031761600220078
2016-07-14,0.08713303076852297
2016-07-15,0.08422004496656244
2016-07-18,0.08404595812083993
2016-07-19,0.08614500870879982
2016-07-20,0.08433002261153111
2016-07-21,0.0857849930830632
2016-07-22,0.08548897572918301
2016-07-25,0.08449000369851922
2016-07-26,0.0849411637985924
2016-07-27,0.08850851044822905
2016-07-28,0.08896713748056495
2016-07-29,0.09257763570718369
2016-08-01,0.08887072233647064
2016-08-02,0.08698336888865965
2016-08-03,0.08743961449935411
2016-08-04,0.08939319702991
2016-08-05,0.08541380943370602
2016-08-08,0.08513335273119726
2016-08-09,0.08844387761013683
2016-08-10,0.0899000328436994
2016-08-11,0.08704711753224248
2016-08-12,0.09034558970328876
2016-08-15,0.08767177568278939
2016-08-16,0.08628117819977299
2016-08-17,0.08732282428409355
2016-08-18,0.08888732107541508
2016-08-19,0.08664879099010925
2016-08-22,0.08880491757852171
2016-08-23,0.08895095235938211
2016-08-24,0.0885418616900584
2016-08-25,0.08689773279798252
2016-08-26,0.0845200478491841
2016-08-29,0.08794593266831274
2016-08-30,0.08773568587355496
2016-08-31,0.08734495548750743
2016-09-01,0.08743446846287872
2016-09-02,0.08544964223505058
2016-09-06,0.08951536049495368
2016-09-07,0.08977819650470087
2016-09-08,0.08687197746425168
2016-09-09,0.08324700268732199
2016-09-12,0.08356091421307421
2016-09-13,0.08180131783445277
2016-09-14,0.08330358273017802
2016-09-15,0.08367818740557986
2016-09-16,0.08441482440351789
2016-09-19,0.08323631920671715
2016-09-20,0.08390397557292895
2016-09-21,0.08567060960752704
2016-09-22,0.08727543769162183
2016-09-23,0.08777204019126272
2016-09-26,0.08989447318275734
2016-09-27,0.09157535323498878
2016-09-28,0.09094869625205604
2016-09-29,0.0918900097500801
2016-09-30,0.09009224107437008
2016-10-03,0.08809111775726941
2016-10-04,0.08551209285310168
2016-10-05,0.08373945168913322
2016-10-06,0.08211862008800419
2016-10-07,0.08294503538481623
2016-10-11,0.08277772037033326
2016-10-12,0.08260658613335559
2016-10-13,0.08491743872200197
2016-10-14,0.08225201732907061
2016-10-17,0.08405290382031594
2016-10-18,0.08539970297659072
2016-10-19,0.08578733411210271
2016-10-20,0.08517709791098249
2016-10-21,0.08570389856445848
2016-10-24,0.08429574988670141
2016-10-25,0.08454976082620425
2016-10-26,0.08290902734802863
2016-10-27,0.08050864332398588
2016-10-28,0.08064920527769948
2016-10-31,0.08191947296224322
2016-11-01,0.08121261545553571
2016-11-02,0.08322406431331508
2016-11-03,0.08260988745892006
2016-11-04,0.08467351516138533
2016-11-07,0.08255753486179551
2016-11-08,0.08044454308665916
2016-11-09,0.07266641256852613
2016-11-10,0.0700829877790008
2016-11-14,0.06661175710967115
2016-11-15,0.0672219084620509
2016-11-16,0.06786192191378015
2016-11-17,0.0646107716998976
2016-11-18,0.062012099220199124
2016-11-21,0.06279198575316935
2016-11-22,0.06294849750479292
2016-11-23,0.06051597389525565
2016-11-25,0.06024185080662936
2016-11-28,0.06334691864252329
2016-11-29,0.06425071060728649
2016-11-30,0.05977072945779871
2016-12-01,0.05590407351740878
2016-12-02,0.05957748227600934
2016-12-05,0.05905399964738178
2016-12-06,0.059602218436975996
2016-12-07,0.06173824084756596
2016-12-08,0.059037544334907155
2016-12-09,0.0555614052423139
2016-12-12,0.05575988904538076
2016-12-13,0.056163692883097305
2016-12-14,0.0511300266530994
2016-12-15,0.050082315947719946
2016-12-16,0.050571776603339114
2016-12-19,0.05464662229602668
2016-12-20,0.05338947467532851
2016-12-21,0.05440419122316764
2016-12-22,0.05300873856716559
2016-12-23,0.053805425274075835
2016-12-27,0.052432072751706915
2016-12-28,0.05568423748839968
2016-12-29,0.057700597085577954
2016-12-30,0.05919585009870332
2017-01-03,0.05926873103947128
2017-01-04,0.06035280597637693
2017-01-05,0.0652124983314617
2017-01-06,0.06258140369957532
2017-01-09,0.06531668124237089
2017-01-10,0.06524836921081989
2017-01-11,0.06573365689325827
2017-01-12,0.06641810940452708
2017-01-13,0.06500154721307183
2017-01-17,0.06910388454059135
2017-01-18,0.06517566894350524
2017-01-19,0.06301520980468744
2017-01-20,0.06349757395063471
2017-01-23,0.06744460080792525
2017-01-24,0.06537182408274922
2017-01-25,0.06221192600126746
2017-01-26,0.06318579154921955
2017-01-27,0.06430497175530592
2017-01-30,0.06398780813330696
2017-01-31,0.06631392858593
2017-02-01,0.06404465233370993
2017-02-02,0.06404861472715884
2017-02-03,0.06412069126477493
2017-02-06,0.0682140425283817
2017-02-07,0.06904569019492302
2017-02-08,0.0723711016239148
2017-02-09,0.06950253009637364
2017-02-10,0.06898084764347412
2017-02-13,0.06768713317794228
2017-02-14,0.06537808762344799
2017-02-15,0.06418382290141134
2017-02-16,0.0669992168004423
2017-02-17,0.06908703648889669
2017-02-21,0.06892595276709823
2017-02-22,0.06958271958888562
2017-02-23,0.07167117393379385
2017-02-24,0.07536476275905102
2017-02-27,0.07328136035718402
2017-02-28,0.07300504056686119
2017-03-01,0.06788760447601949
2017-03-02,0.06601831140517445
2017-03-03,0.06655381322311849
2017-03-06,0.06637556220461716
2017-03-07,0.06522239727228052
2017-03-08,0.062472978684529945
2017-03-09,0.06015295507130314
2017-03-10,0.06172128780571584
2017-03-13,0.05993534874786355
2017-03-14,0.060525166503999195
2017-03-15,0.06692271885278922
2017-03-16,0.06490535340332615
2017-03-17,0.06718165141985444
2017-03-20,0.06898579015991846
2017-03-21,0.07151030252266177
2017-03-22,0.07293146804167372
2017-03-23,0.07240521774087383
2017-03-24,0.07294048289492161
2017-03-27,0.07454473205042711
2017-03-28,0.0723713299727975
2017-03-29,0.0744748054152069
2017-03-30,0.07251527840049943
2017-03-31,0.07391223547256698
2017-04-03,0.07614421990047804
2017-04-04,0.07514419284425489
2017-04-05,0.07682846484549222
2017-04-06,0.07619527606461096
2017-04-07,0.07392604941567593
2017-04-10,0.07554318166902796
2017-04-11,0.07928895131740665
2017-04-12,0.08146036802944523
2017-04-13,0.08315218447377748
2017-04-17,0.08265609062676793
2017-04-18,0.08739995208808504
2017-04-19,0.08521580769323744
2017-04-20,0.08408071460636735
2017-04-21,0.0846727270915495
2017-04-24,0.08277376295705152
2017-04-25,0.07971510497912315
2017-04-26,0.08169881531291301
2017-04-27,0.08224611822637007
2017-04-28,0.0830091001018105
2017-05-01,0.07999118420421225
2017-05-02,0.0816952336875445
2017-05-03,0.08007537904011608
2017-05-04,0.07850685515866851
2017-05-05,0.07858877631119765
2017-05-08,0.07696301983664533
2017-05-09,0.07600409382099493
2017-05-10,0.07575635594302055
2017-05-11,0.07611943525403575
2017-05-12,0.08006712656140258
2017-05-15,0.07955867953857099
2017-05-16,0.08024308401294977
2017-05-17,0.08686856357033212
2017-05-18,0.08624337800239923
2017-05-19,0.08659439361734211
2017-05-22,0.08570969668719752
2017-05-23,0.08410045875416094
2017-05-24,0.08613613718860336
2017-05-25,0.08637259133325315
2017-05-26,0.08649982090869623
2017-05-30,0.08852814270330267
2017-05-31,0.08883621280144305
2017-06-01,0.08712144779658182
2017-06-02,0.09139417889085899
2017-06-05,0.08980662567918873
2017-06-06,0.09214707966064206
2017-06-07,0.09092582369070801
2017-06-08,0.08993568431721743
2017-06-09,0.08920465881321915
2017-06-12,0.08905295949892778
2017-06-13,0.08895267393500039
2017-06-14,0.093642016222786
2017-06-15,0.09250958906290063
2017-06-16,0.09326286716371945
2017-06-19,0.0916944924075267
2017-06-20,0.09367639435214614
2017-06-21,0.09396591877264804
2017-06-22,0.09462445376342665
2017-06-23,0.0949285395571835
2017-06-26,0.09547727745017975
2017-06-27,0.09273303527290522
2017-06-28,0.09226560642461079
2017-06-29,0.09028928013002901
2017-06-30,0.08877816513097736
2017-07-03,0.08566667126694316
2017-07-05,0.08650512298475954
2017-07-06,0.08491372798941765
2017-07-07,0.0839491565459618
2017-07-10,0.08476950810429895
2017-07-11,0.08573167125062509
2017-07-12,0.08826990154721348
2017-07-13,0.08697963375192441
2017-07-14,0.08826214828638967
2017-07-17,0.08903738222525193
2017-07-18,0.09189509271556617
2017-07-19,0.09179264178111857
2017-07-20,0.09199629422968325
2017-07-21,0.09377589961786836
2017-07-24,0.09268768013279982
2017-07-25,0.08965629317636226
2017-07-26,0.09204702452703595
2017-07-27,0.09070857674098365
2017-07-28,0.09247826459124964
2017-07-31,0.09237741297265334
2017-08-01,0.09312738833965972
2017-08-02,0.09252767499893477
2017-08-03,0.09584109345538394
2017-08-04,0.0941521792835125
2017-08-07,0.09466352114280263
2017-08-08,0.09416247567473102
2017-08-09,0.09585629290258701
2017-08-10,0.09813791872368882
2017-08-11,0.09945601727710462
2017-08-14,0.09742201945815387
2017-08-15,0.09581966731636093
2017-08-16,0.09746589908561853
2017-08-17,0.1001700321575989
2017-08-18,0.10015331107750902
2017-08-21,0.10080755265436059
2017-08-22,0.09970595451400621
2017-08-23,0.10262996175764605
2017-08-24,0.1008233358994115
2017-08-25,0.10215393716124455
2017-08-28,0.10260579605873232
2017-08-29,0.10427974146767038
2017-08-30,0.10387958864237623
2017-08-31,0.10502487333629507
2017-09-01,0.10213854456205795
2017-09-05,0.10758755487444871
2017-09-06,0.10478248298917725
2017-09-07,0.10967564231160565
2017-09-08,0.10906378914149095
2017-09-11,0.1059423962683248
2017-09-12,0.10369616674384452
2017-09-13,0.10234590817038702
2017-09-14,0.10282432519545659
2017-09-15,0.10237272359538596
2017-09-18,0.1006845189348009
2017-09-19,0.09999022092683907
2017-09-20,0.09848860866951248
2017-09-21,0.09807861443848953
2017-09-22,0.09937808561537809
2017-09-25,0.10178206489771702
2017-09-26,0.10100261159670931
2017-09-27,0.09843452373311301
2017-09-28,0.09827698575445476
2017-09-29,0.097362616638478
2017-10-02,0.09591422691586837
2017-10-03,0.0966549539731345
2017-10-04,0.09708710548752375
2017-10-05,0.095366167584227
2017-10-06,0.09423173955854702
2017-10-10,0.09472594666096956
2017-10-11,0.0948901769306878
2017-10-12,0.09641677754494316
2017-10-13,0.09917040790248488
2017-10-16,0.09766962810610913
2017-10-17,0.09745502895088243
2017-10-18,0.09603741239745434
2017-10-19,0.09706211744786986
2017-10-20,0.09462805472231861
2017-10-23,0.09536971987208998
2017-10-24,0.0939283367856234
2017-10-25,0.09274951891892469
2017-10-26,0.09177744890580963
2017-10-27,0.09403477958839335
2017-10-30,0.09736399199083112
2017-10-31,0.09679968516906179
2017-11-01,0.09585649564767373
2017-11-02,0.09731134149399234
2017-11-03,0.09794553030022057
2017-11-06,0.09904024004207224
2017-11-07,0.09914854854321953
2017-11-08,0.09819596959867272
2017-11-09,0.09759382759744728
2017-11-10,0.09507530135954778
2017-11-13,0.09492311840312473
2017-11-14,0.09621595983982645
2017-11-15,0.09909887933322858
2017-11-16,0.09771985589511023
2017-11-17,0.09864822656549666
2017-11-20,0.09755505345910498
2017-11-21,0.09733078622662594
2017-11-22,0.09990355597759915
2017-11-24,0.09914838057715314
2017-11-27,0.09944584814584667
2017-11-28,0.09956371560384425
2017-11-29,0.09715057303249153
2017-11-30,0.0951177145552895
2017-12-01,0.09743568290941673
2017-12-04,0.09662738852672037
2017-12-05,0.09760599415809001
2017-12-06,0.09917140996283114
2017-12-07,0.09757656953734073
2017-12-08,0.09720468907367685
2017-12-11,0.09655287934344692
2017-12-12,0.0958911966404612
2017-12-13,0.09932205864487442
2017-12-14,0.09921398107475632
2017-12-15,0.09914828880959403
2017-12-18,0.09811396646008697
2017-12-19,0.09540944973173349
2017-12-20,0.09332182552717994
2017-12-21,0.0924384778113918
2017-12-22,0.09273229784020898
2017-12-26,0.09317800617955396
2017-12-27,0.09725537613050039
2017-12-28,0.09663232199799054
2017-12-29,0.09739566728294036
2018-01-02,0.09571694308225265
2018-01-03,0.09648123256430408
2018-01-04,0.095893491532143
2018-01-05,0.09503722804340975
2018-01-08,0.09473762688461584
2018-01-09,0.09102555579911664
2018-01-10,0.09091477962645045
2018-01-11,0.09150069499795022
2018-01-12,0.09132909823694146
2018-01-16,0.09187840532855218
2018-01-17,0.09042192771475999
2018-01-18,0.08797030160385444
2018-01-19,0.0863728797529435
2018-01-22,0.08607749163990785
2018-01-23,0.08851952145872133
2018-01-24,0.08693607998727582
2018-01-25,0.08856575783499676
2018-01-26,0.0867357680616303
2018-01-29,0.08482756107892175
2018-01-30,0.08389842375927059
2018-01-31,0.08409340932998188
2018-02-01,0.0810175092314156
2018-02-02,0.07814081346316804
2018-02-05,0.08415055786833125
2018-02-06,0.0809228915563569
2018-02-07,0.07889165099801909
2018-02-08,0.07941305886105621
2018-02-09,0.07834314073862436
2018-02-12,0.07821337304256537
2018-02-13,0.07934339401454626
2018-02-14,0.07545190060165052
2018-02-15,0.07599221290804503
2018-02-16,0.07763351576004274
2018-02-20,0.07660528659832888
2018-02-21,0.07386991911514307
2018-02-22,0.07535795154289304
2018-02-23,0.078371734440704
2018-02-26,0.07887543013807341
2018-02-27,0.07718235467738555
2018-02-28,0.07886652964802976
2018-03-01,0.0810422641597972
2018-03-02,0.07822068491330114
2018-03-05,0.07749887639514608
2018-03-06,0.07753582258195735
2018-03-07,0.07742522129225171
2018-03-08,0.07923053013191184
2018-03-09,0.0774010561234475
2018-03-12,0.07914959544255828
2018-03-13,0.08052228072604195
2018-03-14,0.08215690794478836
2018-03-15,0.08208515922341997
2018-03-16,0.08075965833114296
2018-03-19,0.08014167564829777
2018-03-20,0.07876158269206046
2018-03-21,0.07956343016849488
2018-03-22,0.0831230924313815
2018-03-23,0.08362748822090116
2018-03-26,0.08223339366687021
2018-03-27,0.08678235828017611
2018-03-28,0.0869229875020554
2018-03-29,0.08896680226295928
2018-04-02,0.08814490401520314
2018-04-03,0.08620501366984445
2018-04-04,0.0855624540773623
2018-04-05,0.08432586188967695
2018-04-06,0.08839894273988524
2018-04-09,0.08830168132278682
2018-04-10,0.08733910184038196
2018-04-11,0.08792515185585925
2018-04-12,0.08588704808103853
2018-04-13,0.08610114830750981
2018-04-16,0.08588453864537615
2018-04-17,0.08652382251242208
2018-04-18,0.08404919737796313
2018-04-19,0.08268491640006781
2018-04-20,0.08011413500579723
2018-04-23,0.07969067150330544
2018-04-24,0.07882255275019467
2018-04-25,0.0772343246192233
2018-04-26,0.07958912583486022
2018-04-27,0.08151798067609728
2018-04-30,0.08232012456027382
2018-05-01,0.07904859555013877
2018-05-02,0.07941970728884318
2018-05-03,0.08152317230385919
2018-05-04,0.08150434339601498
2018-05-07,0.08113365035441022
2018-05-08,0.08035578493768014
2018-05-09,0.07835898013863729
2018-05-10,0.07994243462160133
2018-05-11,0.07988206048130109
2018-05-14,0.0786560880000553
2018-05-15,0.07558493773409047
2018-05-16,0.07427133907641426
2018-05-17,0.07389184796978565
2018-05-18,0.07694875644893329
2018-05-21,0.07731947520789295
2018-05-22,0.0770932405068665
2018-05-23,0.08065733574439649
2018-05-24,0.08308573363603688
2018-05-25,0.08648396026773564
2018-05-29,0.0961111732935811
2018-05-30,0.09333676573120564
2018-05-31,0.0929376283407477
2018-06-01,0.08876609477916597
2018-06-04,0.08580357563060392
2018-06-05,0.0876917899635723
2018-06-06,0.08482321814123961
2018-06-07,0.08805814623704245
2018-06-08,0.08680431439577019
2018-06-11,0.08606877011425329
2018-06-12,0.08548978287832742
2018-06-13,0.08472896768487859
2018-06-14,0.08711670974787578
2018-06-15,0.08767608025684592
2018-06-18,0.08799837744546779
2018-06-19,0.08995250637894059
2018-06-20,0.08739870795826277
2018-06-21,0.08943832634117066
2018-06-22,0.08968668607574837
2018-06-25,0.09076276689965646
2018-06-26,0.09099524711199614
2018-06-27,0.09432836319041615
2018-06-28,0.09374260151447888
2018-06-29,0.09312552713581579
2018-07-02,0.09064271672651225
2018-07-03,0.09302690633044053
2018-07-05,0.09314140186121733
2018-07-06,0.0942254608147235
2018-07-09,0.092570463268427
2018-07-10,0.09211434923419404
2018-07-11,0.09335021751880701
2018-07-12,0.0932021642169909
2018-07-13,0.09449436023836877
2018-07-16,0.09329164729448691
2018-07-17,0.0927713994156798
2018-07-18,0.09207279205114194
2018-07-19,0.09459535094305482
2018-07-20,0.09283918851739292
2018-07-23,0.09006474998844616
2018-07-24,0.09064267191746134
2018-07-25,0.08965786539355314
2018-07-26,0.08890106077234794
2018-07-27,0.08992580225125413
2018-07-30,0.08907657313640427
2018-07-31,0.09035167360412322
2018-08-01,0.08633935250491342
2018-08-02,0.08757139576203521
2018-08-03,0.08963093244152653
2018-08-06,0.09011993716988709
2018-08-07,0.08875128725405501
2018-08-08,0.08917606946885348
2018-08-09,0.09193041426288984
2018-08-10,0.09560358891012721
2018-08-13,0.09542324844862282
2018-08-14,0.094560278017771
2018-08-15,0.09692911443973729
2018-08-16,0.09649618435022034
2018-08-17,0.09676743373055863
2018-08-20,0.09980993900493162
2018-08-21,0.09893202181003136
2018-08-22,0.10037981679440766
2018-08-23,0.1003529343962184
2018-08-24,0.10058635371578384
2018-08-27,0.09931506178557203
2018-08-28,0.09783921456729017
2018-08-29,0.09769142168086042
2018-08-30,0.0992597497854979
2018-08-31,0.09956689404559449
2018-09-04,0.0964138487132431
2018-09-05,0.096047212130971
2018-09-06,0.09761755811577078
2018-09-07,0.09460600650463769
2018-09-10,0.09501985486620801
2018-09-11,0.09299332754614964
2018-09-12,0.0936549237030484
2018-09-13,0.09375018105107169
2018-09-14,0.09217391691983678
2018-09-17,0.09240788446579917
2018-09-18,0.09012604916116107
2018-09-19,0.08880297869468468
2018-09-20,0.08956400712164614
2018-09-21,0.0897358531861725
2018-09-24,0.08905785056413129
2018-09-25,0.08848327748467488
2018-09-26,0.09093837893769718
2018-09-27,0.09114759390481741
2018-09-28,0.09107760998700476
2018-10-01,0.08780570785931752
2018-10-02,0.09035282505817999
2018-10-03,0.08641777352884072
2018-10-04,0.08473656559843956
2018-10-05,0.08267984327294808
2018-10-09,0.08404781723456112
2018-10-10,0.0847578083208973
2018-10-11,0.08828308946884156
2018-10-12,0.08735591352012273
2018-10-15,0.08757868184738249
2018-10-16,0.08776196230651467
2018-10-17,0.08578663978456547
2018-10-18,0.08694476507186022
2018-10-19,0.08605297430516967
2018-10-22,0.08579205113382549
2018-10-23,0.08767963967539871
2018-10-24,0.09233737756933369
2018-10-25,0.09039625481630265
2018-10-26,0.09386792875790495
2018-10-29,0.09376927715309158
2018-10-30,0.09196129966278321
2018-10-31,0.09003975953614485
2018-11-01,0.0888656176439444
2018-11-02,0.08550114261868691
2018-11-05,0.086473691101
2018-11-06,0.0854771342735825
2018-11-07,0.08519172331538805
2018-11-08,0.08428888989049943
2018-11-09,0.08761855662165718
2018-11-13,0.08793153558937772
2018-11-14,0.08949171127859956
2018-11-15,0.09002697169242357
2018-11-16,0.09280732179598972
2018-11-19,0.0941381150414915
2018-11-20,0.09406876783991058
2018-11-21,0.0938306350858149
2018-11-23,0.09422527163259242
2018-11-26,0.09367104239435275
2018-11-27,0.09420733314605312
2018-11-28,0.09406668750167646
2018-11-29,0.09580928437430902
2018-11-30,0.09729699097409528
2018-12-03,0.0964578647419092
2018-12-04,0.10147071612702252
2018-12-06,0.10397627979862722
2018-12-07,0.10627602122070212
2018-12-10,0.10700611288452722
2018-12-11,0.10551024436717049
2018-12-12,0.10406267227030352
2018-12-13,0.10432337762205846
2018-12-14,0.10571704033577234
2018-12-17,0.10847506152374842
2018-12-18,0.10869445448514958
2018-12-19,0.11281834775981303
2018-12-20,0.1120057188489667
2018-12-21,0.11274635305253788
2018-12-24,0.1154259489249212
2018-12-26,0.11261903586963817
2018-12-27,0.11476678682999397
2018-12-28,0.11939201474829586
2018-12-31,0.12176152421091313
2019-01-02,0.12333810220203634
2019-01-03,0.1302576992647313
2019-01-04,0.12460619333469647
2019-01-07,0.12271273126953952
2019-01-08,0.12077971828257827
2019-01-09,0.12128652858832067
2019-01-10,0.12025699763633724
2019-01-11,0.12273627518567465
2019-01-14,0.12211219255758743
2019-01-15,0.1215575321730562
2019-01-16,0.12140124788166728
2019-01-17,0.12047447701320091
2019-01-18,0.11792593146763264
2019-01-22,0.12067385780884998
2019-01-23,0.12023317366477748
2019-01-24,0.12269173112643106
2019-01-25,0.12068696322138273
2019-01-28,0.1205649034969094
2019-01-29,0.122926142508202
2019-01-30,0.12472345002163343
2019-01-31,0.1289674431516763
2019-02-01,0.12355308578231816
2019-02-04,0.1218289518275586
2019-02-05,0.12321445322485114
2019-02-06,0.1238657507771479
2019-02-07,0.12647482352593853
2019-02-08,0.12787084108400903
2019-02-11,0.12674568379193762
2019-02-12,0.12568687058278916
2019-02-13,0.12384961941072836
2019-02-14,0.12772758372198934
2019-02-15,0.12735705791376217
2019-02-19,0.1289049027179403
2019-02-20,0.12835737481646392
2019-02-21,0.12656000353428376
2019-02-22,0.12857713884651711
2019-02-25,0.12803168983634317
2019-02-26,0.13023716623087678
2019-02-27,0.1280414782994681
2019-02-28,0.12633042991198806
2019-03-01,0.12136077255291489
2019-03-04,0.12400606070603848
2019-03-05,0.12450058698703215
2019-03-06,0.1268135014622851
2019-03-07,0.13027728776681857
2019-03-08,0.13153632062704457
2019-03-11,0.13063558573423806
2019-03-12,0.13329664032986988
2019-03-13,0.13297643537186032
2019-03-14,0.13138762961639228
2019-03-15,0.13417862200197694
2019-03-18,0.13335963378334137
2019-03-19,0.13245329626822677
2019-03-20,0.13845087014991986
2019-03-21,0.138405425288314
2019-03-22,0.14564896618191292
2019-03-25,0.14767577363737905
2019-03-26,0.14725159365480822
2019-03-27,0.15034546913366742
2019-03-28,0.15089691411195982
2019-03-29,0.14966368936841334
2019-04-01,0.1430860218880039
2019-04-02,0.14449412053425226
2019-04-03,0.14237716357163732
2019-04-04,0.14352638808883933
2019-04-05,0.14402369468021647
2019-04-08,0.1427765718458196
2019-04-09,0.14403517533562815
2019-04-10,0.14580846337833786
2019-04-11,0.1441917143836673
2019-04-12,0.14154370550379403
2019-04-15,0.1423736774897557
2019-04-16,0.13998442007024314
2019-04-17,0.14002473447208463
2019-04-18,0.14188173752689637
2019-04-22,0.1406403422153062
2019-04-23,0.14188431456829464
2019-04-24,0.14562282846521324
2019-04-25,0.14486080600745366
2019-04-26,0.1473249296721466
2019-04-29,0.14545989382263036
2019-04-30,0.14771533693439443
2019-05-01,0.14537946219346765
2019-05-02,0.14350535455667468
2019-05-03,0.1447403545439525
2019-05-06,0.14672151616751505
2019-05-07,0.14975768398811384
2019-05-08,0.1483520378731571
2019-05-09,0.15061242603408043
2019-05-10,0.14995854257431862
2019-05-13,0.15482958065504482
2019-05-14,0.15394132346199552
2019-05-15,0.15698304890081638
2019-05-16,0.1557230448210809
2019-05-17,0.15635719212967447
2019-05-20,0.15480187380627775
2019-05-21,0.15362031320687297
2019-05-22,0.15627496984968747
2019-05-23,0.16215398236058487
2019-05-24,0.16208643039943604
2019-05-28,0.16591130955016542
2019-05-29,0.16630209130782614
2019-05-30,0.16972482092671304
2019-05-31,0.1762345722843981
2019-06-03,0.17849558851512248
2019-06-04,0.17590000739318645
2019-06-05,0.17572430101658387
2019-06-06,0.17540747330652762
2019-06-07,0.17921876546202653
2019-06-10,0.1758210832757523
2019-06-11,0.17595616152121907
2019-06-12,0.17761830341180262
2019-06-13,0.1799525476709718
2019-06-14,0.18030503577029178
2019-06-17,0.18024637245981467
2019-06-18,0.18176269431734116
2019-06-19,0.18456860193278013
2019-06-20,0.1861239659407341
2019-06-21,0.1836720016372002
2019-06-24,0.1864652525686905
2019-06-25,0.18827567476898466
2019-06-26,0.18500972589862497
2019-06-27,0.1877547143704672
2019-06-28,0.18765544403958234
2019-07-01,0.18448925400274874
2019-07-02,0.18752029795971392
2019-07-03,0.18921561057384295
2019-07-05,0.1843376292946295
2019-07-08,0.18376848585003502
2019-07-09,0.18300459016980386
2019-07-10,0.18344491026226928
2019-07-11,0.18029136807115975
2019-07-12,0.18106399925701777
2019-07-15,0.18323412111834458
2019-07-16,0.18130812005916996
2019-07-17,0.18621608787860366
2019-07-18,0.18827700202166553
2019-07-19,0.18647889944797447
2019-07-22,0.18694661673683033
2019-07-23,0.1852763570379874
2019-07-24,0.18676284387726882
2019-07-25,0.18471576228330555
2019-07-26,0.1851516970372995
2019-07-29,0.18569843301959743
2019-07-30,0.18633969170983367
2019-07-31,0.18858753644685256
2019-08-01,0.1969808098652357
2019-08-02,0.19940161039088555
2019-08-05,0.2082473118137662
2019-08-06,0.2106394075250857
2019-08-07,0.21060064924875221
2019-08-08,0.21048868333224813
2019-08-09,0.20886755254910527
2019-08-12,0.21657541018882043
2019-08-13,0.21395999878368088
2019-08-14,0.22163224921917402
2019-08-15,0.2278676523487273
2019-08-16,0.22578060295036417
2019-08-19,0.22217218160393903
2019-08-20,0.22613063840252146
2019-08-21,0.22391408907713073
2019-08-22,0.222213102287399
2019-08-23,0.2292080169608457
2019-08-26,0.2278902025381342
2019-08-27,0.23250425565501787
2019-08-28,0.23272412479764126
2019-08-29,0.23125342273170935
2019-08-30,0.2311397564644091
2019-09-03,0.23070443032766175
2019-09-04,0.23260455821482595
2019-09-05,0.226055732731252
2019-09-06,0.2279173019505354
2019-09-09,0.22336958561102271
2019-09-10,0.21775743754636956
2019-09-11,0.21703414917015884
2019-09-12,0.2148183304778548
2019-09-13,0.2081422822183805
2019-09-16,0.21269895693776064
2019-09-17,0.21518450493425423
2019-09-18,0.21574691957332415
2019-09-19,0.21675053777713815
2019-09-20,0.22243445283487118
2019-09-23,0.22326349922487343
2019-09-24,0.22956722993946288
2019-09-25,0.22456384280127373
2019-09-26,0.226826448306106
2019-09-27,0.228320791270898
2019-09-30,0.22926608597876585
2019-10-01,0.23005473118196273
2019-10-02,0.2327006179649016
2019-10-03,0.23857926563150467
2019-10-04,0.24043280913834453
2019-10-07,0.2377336032282038
2019-10-08,0.2394822321921164
2019-10-09,0.23689797392025524
2019-10-10,0.23210792726749108
2019-10-11,0.2276369664783615
2019-10-15,0.22332900370621633
2019-10-16,0.2250448709952968
2019-10-17,0.22441721645976687
2019-10-18,0.2251936457883088
2019-10-21,0.22176972077505264
2019-10-22,0.22403744654996594
2019-10-23,0.22416094107731221
2019-10-24,0.22373108705651612
2019-10-25,0.22165704356658855
2019-10-28,0.21832105984269434
2019-10-29,0.218843820100884
2019-10-30,0.2245486627781892
2019-10-31,0.23157048752031573
2019-11-01,0.22766373517270377
2019-11-04,0.2227783257058369
2019-11-05,0.21916461181002367
2019-11-06,0.2219011879053856
2019-11-07,0.21623580646495832
2019-11-08,0.214912371602914
2019-11-12,0.21614713062976576
2019-11-13,0.21856659043169646
2019-11-14,0.22348608072853637
2019-11-15,0.22247400801952621
2019-11-18,0.22415443846691185
2019-11-19,0.2259969534100097
2019-11-20,0.22973553990343976
2019-11-21,0.22749132474789113
2019-11-22,0.22746094124222793
2019-11-25,0.22823348660658005
2019-11-26,0.23013107122115106
2019-11-27,0.22801986974590527
2019-11-29,0.22759976147777028
2019-12-02,0.2214557543428246
2019-12-03,0.23152854348010043
2019-12-04,0.2277065267349927
2019-12-05,0.22575035511393104
2019-12-06,0.22316319542419794
2019-12-09,0.2238856254218451
2019-12-10,0.22303772677836853
2019-12-11,0.2267267081186204
2019-12-12,0.22147246019552647
2019-12-13,0.22791607498637378
2019-12-16,0.22484854070431703
2019-12-17,0.22494489919533045
2019-12-18,0.22212444325001512
2019-12-19,0.22071455071091162
2019-12-20,0.2209037562115006
2019-12-23,0.22001614365844446
2019-12-24,0.22144575230186025
2019-12-26,0.2227419675757598
2019-12-27,0.22412972658242225
2019-12-30,0.2234699761370147
2019-12-31,0.2204844580527754
2020-01-02,0.2251478072516797
2020-01-03,0.2323221680655232
2020-01-06,0.23091047843911383
2020-01-07,0.22956731686014153
2020-01-08,0.2276197191150704
2020-01-09,0.2284308086194644
2020-01-10,0.231146349347511
2020-01-13,0.22988586977831105
2020-01-14,0.23201852125988576
2020-01-15,0.2344661891655866
2020-01-16,0.23293976978507147
2020-01-17,0.23113869843968704
2020-01-21,0.2358791493803567
2020-01-22,0.2369729159708749
2020-01-23,0.23968236663663167
2020-01-24,0.24303364386745407
2020-01-27,0.2500367012098246
2020-01-28,0.24783637234916345
2020-01-29,0.25301632605212276
2020-01-30,0.25389739182758
2020-01-31,0.2595684778571439
2020-02-03,0.2568329200611059
2020-02-04,0.25254169753742794
2020-02-05,0.2495678677201929
2020-02-06,0.25070496230623585
2020-02-07,0.25550274415119345
2020-02-10,0.25726990193226396
2020-02-11,0.2550915735505572
2020-02-12,0.25334873109413336
2020-02-13,0.25431380789076163
2020-02-14,0.2559576142580062
2020-02-18,0.25857671521154546
2020-02-19,0.25846165650097475
2020-02-20,0.2616719595478876
2020-02-21,0.2660185808426174
2020-02-24,0.27430194209246217
2020-02-25,0.2779094610532631
2020-02-26,0.2774533994843358
2020-02-27,0.2834605122983498
2020-02-28,0.2966721602718856
2020-03-02,0.2920609305587951
2020-03-03,0.3052961462734134
2020-03-04,0.3020119093021989
2020-03-05,0.3130556154072095
2020-03-06,0.33114662156416674
2020-03-09,0.3503301929276521
2020-03-10,0.33614737372088266
2020-03-11,0.3283666803266112
2020-03-12,0.3270593553996082
2020-03-13,0.31786657552940967
2020-03-16,0.3506954399091726
2020-03-17,0.33083865334497786
2020-03-18,0.30502632865954515
2020-03-19,0.3204984801769515
2020-03-20,0.34527617808322164
2020-03-23,0.36372321110851713
2020-03-24,0.3567237392230591
2020-03-25,0.3578918706436498
2020-03-26,0.358631992276939
2020-03-27,0.3685086666146804
2020-03-30,0.36621349260852365
2020-03-31,0.36760485495320894
2020-04-01,0.3714258060225404
2020-04-02,0.37216834332848614
2020-04-03,0.3715109416630662
2020-04-06,0.3670988256041543
2020-04-07,0.3636653130621508
2020-04-08,0.3603002315681094
2020-04-09,0.36234348996684584
2020-04-13,0.3598415911624997
2020-04-14,0.3608612417271082
2020-04-15,0.37150534953119907
2020-04-16,0.3743000842342936
2020-04-17,0.36998078067388707
2020-04-20,0.3733760686057861
2020-04-21,0.376858024279521
2020-04-22,0.3740613368381238
2020-04-23,0.37571659306030214
2020-04-24,0.37700974706054846
2020-04-27,0.37294818857707046
2020-04-28,0.3796754552907369
2020-04-29,0.37896223636705617
2020-04-30,0.3762210013215821
2020-05-01,0.3760878698600223
2020-05-04,0.37526642885025185
2020-05-05,0.37481067926599065
2020-05-06,0.37054577743384587
2020-05-07,0.37913480073729944
2020-05-08,0.3763536367358433
2020-05-11,0.37264235879750185
2020-05-12,0.37621433580834873
2020-05-13,0.3783606227680931
2020-05-14,0.38112800297882377
2020-05-15,0.3801602856969468
2020-05-18,0.37487074433576706
2020-05-19,0.3773813435734794
2020-05-20,0.37818651892680366
2020-05-21,0.37913232205092173
2020-05-22,0.3806977982519677
2020-05-26,0.37710023545095983
2020-05-27,0.3771112791604718
2020-05-28,0.376215181933087
2020-05-29,0.37994076204961336
2020-06-01,0.3766550696892712
2020-06-02,0.3752425736481899
2020-06-03,0.37069571015686953
2020-06-04,0.3657451964156744
2020-06-05,0.36262986872423575
2020-06-08,0.3633271031834402
2020-06-09,0.3689333611333123
2020-06-10,0.3772630627181188
2020-06-11,0.3840405000499558
2020-06-12,0.38130477532975293
2020-06-15,0.38105348344495904
2020-06-16,0.3766875000121348
2020-06-17,0.3782399501565088
2020-06-18,0.3815136428055934
2020-06-19,0.3821703485723662
2020-06-22,0.38165260299918935
2020-06-23,0.38036531097866444
2020-06-24,0.3839484945133813
2020-06-25,0.384562141385558
2020-06-26,0.3892651337341886
2020-06-29,0.38924315443644875
2020-06-30,0.38738954631270994
2020-07-01,0.3848626779805253
2020-07-02,0.3858507996458467
2020-07-06,0.38401726836631545
2020-07-07,0.38881829052840455
2020-07-08,0.3873433075413468
2020-07-09,0.3937172652934773
2020-07-10,0.3920790636304494
2020-07-13,0.3932806213429323
2020-07-14,0.3934470541246191
2020-07-15,0.39227211791534033
2020-07-16,0.39424398492583435
2020-07-17,0.39351350732225643
2020-07-20,0.3942853046771695
2020-07-21,0.3954193995948767
2020-07-22,0.39579709142102604
2020-07-23,0.39872947634559464
2020-07-24,0.3987985318797125
2020-07-27,0.3972478855144965
2020-07-28,0.4011616701321541
2020-07-29,0.40156404037340376
2020-07-30,0.4047726627653012
2020-07-31,0.40511813131541485
2020-08-03,0.40318600439274266
2020-08-04,0.40776541742343997
2020-08-05,0.40520365596844066
2020-08-06,0.40677857258654604
2020-08-07,0.40501731975761124
2020-08-10,0.404114328366844
2020-08-11,0.4011147242282356
2020-08-12,0.39846186415283413
2020-08-13,0.39469435448661017
2020-08-14,0.39428166616927696
2020-08-17,0.3962048324160672
2020-08-18,0.3984035421067402
2020-08-19,0.39623513329665827
2020-08-20,0.40037283577662675
2020-08-21,0.4018607232548379
2020-08-24,0.40053649103955635
2020-08-25,0.39779897149302457
2020-08-26,0.39649042564406445
2020-08-27,0.3930210986935283
2020-08-28,0.3936116823708029
2020-08-31,0.39537050861934464
2020-09-01,0.39946702777198895
2020-09-02,0.4027629669070123
2020-09-03,0.40405983767908804
2020-09-04,0.3990730728953624
2020-09-08,0.4015305219343599
2020-09-09,0.4006015929246214
2020-09-10,0.402037424434438
2020-09-11,0.4038004161537503
2020-09-14,0.4032421166321669
2020-09-15,0.4028066461414308
2020-09-16,0.4020814598667388
2020-09-17,0.40265423168387215
2020-09-18,0.40124295249801256
2020-09-21,0.4030985731413035
2020-09-22,0.4032766834113273
2020-09-23,0.40380254076761757
2020-09-24,0.4051074151484426
2020-09-25,0.4056794572660307
2020-09-28,0.40505543266878696
2020-09-29,0.40562363082191366
2020-09-30,0.40342105209210577
2020-10-01,0.40302006160028214
2020-10-02,0.40149502396817494
2020-10-05,0.3962359588210995
2020-10-06,0.3985765267286485
2020-10-07,0.39636253691558987
2020-10-08,0.3992090742171197
2020-10-09,0.3986643690522298
2020-10-13,0.40207671603894113
2020-10-14,0.4027908586735758
2020-10-15,0.402243174936187
2020-10-16,0.4011572248993618
2020-10-19,0.39971564408755866
2020-10-20,0.3960561283300674
2020-10-21,0.3947067234062367
2020-10-22,0.39013425475100605
2020-10-23,0.3923123194661582
2020-10-26,0.3968399218193228
2020-10-27,0.399396820260115
2020-10-28,0.399709388588227
2020-10-29,0.3970081983235476
2020-10-30,0.3930242973964866
2020-11-02,0.39423093855535707
2020-11-03,0.39161530065597105
2020-11-04,0.4014385970006664
2020-11-05,0.40316453255112217
2020-11-06,0.4002056036732682
2020-11-09,0.3941580789111476
2020-11-10,0.39143349870953825
2020-11-12,0.39956457829383196
2020-11-13,0.39869139835827894
2020-11-16,0.3979221310946892
2020-11-17,0.4010082766847498
2020-11-18,0.4012127102419243
2020-11-19,0.4035083850103327
2020-11-20,0.4069331318788303
2020-11-23,0.40486630230174514
2020-11-24,0.4016894633981549
2020-11-25,0.4013892994376773
2020-11-27,0.4049875244175585
2020-11-30,0.40433575243514674
2020-12-01,0.39594361250019716
2020-12-02,0.3929071470915231
2020-12-03,0.3964454538419453
2020-12-04,0.39050871968345446
2020-12-07,0.3943967486496789
2020-12-08,0.39609565731666563
2020-12-09,0.3947021473683965
2020-12-10,0.398206660524399
2020-12-11,0.40042720121859454
2020-12-14,0.39920724368570615
2020-12-15,0.39809764433799644
2020-12-16,0.39694597770990425
2020-12-17,0.39492376060305157
2020-12-18,0.3935154578379114
2020-12-21,0.394872320783612
2020-12-22,0.3970052636524415
2020-12-23,0.39443999592092216
2020-12-24,0.3954815549441475
2020-12-28,0.39609804325244546
2020-12-29,0.39581084022123436
2020-12-30,0.3964646124661706
2020-12-31,0.3973741804771631
2021-01-04,0.39730489621268017
2021-01-05,0.3952861008656714
2021-01-06,0.38963246132244134
2021-01-07,0.3873998494615707
2021-01-08,0.38526254670670834
2021-01-11,0.38393632801730937
2021-01-12,0.38395157787274137
2021-01-13,0.3884517850976661
2021-01-14,0.38526111979544786
2021-01-15,0.38795304160681043
2021-01-19,0.38937172274363463
2021-01-20,0.3894078549263673
2021-01-21,0.3872679163153998
2021-01-22,0.3884423175948173
2021-01-25,0.3934019232838071
2021-01-26,0.3932333940096979
2021-01-27,0.3945872674305939
2021-01-28,0.3920571268555266
2021-01-29,0.39083569468271095
2021-02-01,0.39059282712448606
2021-02-02,0.3877117725539845
2021-02-03,0.3844974417411191
2021-02-04,0.38365620649764565
2021-02-05,0.3804382632443144
2021-02-08,0.38131811966905893
2021-02-09,0.381272168660826
2021-02-10,0.3841483755232826
2021-02-11,0.3825619758093264
2021-02-12,0.3796814460486191
2021-02-16,0.37426620460045434
2021-02-17,0.3767692597904957
2021-02-18,0.37647821449055097
2021-02-19,0.3732602927103854
2021-02-22,0.36954865396835923
2021-02-23,0.36904205177736404
2021-02-24,0.3660588435941021
2021-02-25,0.3552377331771803
2021-02-26,0.3727593182145308
2021-03-01,0.368642450835329
2021-03-02,0.3697524742318914
2021-03-03,0.3645953522214058
2021-03-04,0.36045853942312167
2021-03-05,0.35982873108533076
2021-03-08,0.35565671278806144
2021-03-09,0.36123854618300055
2021-03-10,0.3623960420964041
2021-03-11,0.3603843868651784
2021-03-12,0.3544217745912648
2021-03-15,0.35683660952454765
2021-03-16,0.3563048558947759
2021-03-17,0.35402304923302963
2021-03-18,0.3492184158759839
2021-03-19,0.350498194031829
2021-03-22,0.3547744781361939
2021-03-23,0.35990818530389035
2021-03-24,0.36213360522546
2021-03-25,0.3597641429018765
2021-03-26,0.3570222679987509
2021-03-29,0.35337711761399393
2021-03-30,0.35438724492679796
2021-03-31,0.3525608427554019
2021-04-01,0.3585853665297498
2021-04-05,0.3556786525828035
2021-04-06,0.36000180082226896
2021-04-07,0.3585509374770328
2021-04-08,0.3619371679347998
2021-04-09,0.36089666128218045
2021-04-12,0.35958595083255096
2021-04-13,0.36370240402984244
2021-04-14,0.36220494546074433
2021-04-15,0.37028840743685953
2021-04-16,0.36853964365073777
2021-04-19,0.36753147551114074
2021-04-20,0.370415065010417
2021-04-21,0.3710258185400821
2021-04-22,0.3723855134809837
2021-04-23,0.3713198409354985
2021-04-26,0.37112090403596953
2021-04-27,0.36831753990984684
2021-04-28,0.36945179735141886
2021-04-29,0.36823844156451835
2021-04-30,0.36841453461738527
2021-05-03,0.3690850244036714
2021-05-04,0.37085976128540143
2021-05-05,0.37202633125146334
2021-05-06,0.3730774727505415
2021-05-07,0.37221015002476854
2021-05-10,0.3701437052853431
2021-05-11,0.3674671039185533
2021-05-12,0.3637865268983924
2021-05-13,0.36572917752142353
2021-05-14,0.3686276751663553
2021-05-17,0.36532472723612974
2021-05-18,0.36689486846758546
2021-05-19,0.36511773381885293
2021-05-20,0.36993492278915907
2021-05-21,0.3708525224473751
2021-05-24,0.3724962168545709
2021-05-25,0.377498558223208
2021-05-26,0.37692052627942463
2021-05-27,0.3748431053396062
2021-05-28,0.3745338220474008
2021-06-01,0.373197972412054
2021-06-02,0.3742338556107625
2021-06-03,0.3723537077445047
2021-06-04,0.3796307465740041
2021-06-07,0.37866477626765516
2021-06-08,0.38211640195992236
2021-06-09,0.3853845101629749
2021-06-10,0.38872189975279614
2021-06-11,0.38758450862393423
2021-06-14,0.38498249197092416
2021-06-15,0.3848113105888322
2021-06-16,0.3807413094384624
2021-06-17,0.3862420944621727
2021-06-18,0.3930907451654244
2021-06-21,0.39007112682650114
2021-06-22,0.39174423148967374
2021-06-23,0.3898985701597444
2021-06-24,0.39035294342891214
2021-06-25,0.3879900899596884
2021-06-28,0.39269332441473326
2021-06-29,0.3934521292315929
2021-06-30,0.39526393525000003
2021-07-01,0.3940018275960704
2021-07-02,0.39749109442519415
2021-07-06,0.4049241642747241
2021-07-07,0.40892865553044855
2021-07-08,0.4119777688051858
2021-07-09,0.4077087213741315
2021-07-12,0.4068812285018739
2021-07-13,0.4037227019116687
2021-07-14,0.41030159703759295
2021-07-15,0.4157433393646257
2021-07-16,0.41498514244884
2021-07-19,0.4268311509336755
2021-07-20,0.4245128231642439
2021-07-21,0.42017711389458934
2021-07-22,0.42408080539566884
2021-07-23,0.4217353961854615
2021-07-26,0.42050696685871425
2021-07-27,0.42516279169010884
2021-07-28,0.4255909384527361
2021-07-29,0.42252569438863463
2021-07-30,0.4254424685169518
2021-08-02,0.42924193641225683
2021-08-03,0.42975612702189836
2021-08-04,0.4305086964058802
2021-08-05,0.42767757485259095
2021-08-06,0.42240456091278733
2021-08-09,0.4205301079795234
2021-08-10,0.4184289035652178
2021-08-11,0.4187609797092575
2021-08-12,0.41786604375745484
2021-08-13,0.42546266216419637
2021-08-16,0.4279427920745362
2021-08-17,0.4279090016030551
2021-08-18,0.4280686450343585
2021-08-19,0.43134723799441166
2021-08-20,0.431051581326485
2021-08-23,0.43111326775809244
2021-08-24,0.4277946102032746
2021-08-25,0.42502461873356356
2021-08-26,0.4252946412149954
2021-08-27,0.4297026747215058
2021-08-30,0.43192443738111796
2021-08-31,0.4292477567306412
2021-09-01,0.4290819827738588
2021-09-02,0.4302670196089964
2021-09-03,0.42699184005306323
2021-09-07,0.4240885879592784
2021-09-08,0.42749231082905914
2021-09-09,0.4328578497993818
2021-09-10,0.4302314123245965
2021-09-13,0.43248971548705417
2021-09-14,0.4381427539173246
2021-09-15,0.4362487783417186
2021-09-16,0.4339044280537516
2021-09-17,0.431023136928389
2021-09-20,0.43742194031557036
2021-09-21,0.437334063507816
2021-09-22,0.4390469494600482
2021-09-23,0.4320954957462755
2021-09-24,0.4292261838638003
2021-09-27,0.4264645491560024
2021-09-28,0.4205402868083503
2021-09-29,0.42165839143395156
2021-09-30,0.4222897116377684
2021-10-01,0.42612092968822823
2021-10-04,0.4247273198168424
2021-10-05,0.420966790209536
2021-10-06,0.42212349684705863
2021-10-07,0.4170568984921408
2021-10-08,0.4140739170072094
2021-10-12,0.42241303529535323
2021-10-13,0.4255951164190155
2021-10-14,0.4274735614755072
2021-10-15,0.42381266671681184
2021-10-18,0.4235224054839606
2021-10-19,0.41853840483097815
2021-10-20,0.4168343795727889
2021-10-21,0.4134797820054834
2021-10-22,0.41803903503969586
2021-10-25,0.4185911331358527
2021-10-26,0.4210449936522893
2021-10-27,0.4300773683256589
2021-10-28,0.42573853369198433
2021-10-29,0.4262030010752058
2021-11-01,0.42364679970604757
2021-11-02,0.42715349092915145
2021-11-03,0.42437851956660655
2021-11-04,0.43192069628799024
2021-11-05,0.43967112305962197
2021-11-08,0.4365119680001015
2021-11-09,0.4424053358035749
2021-11-10,0.4340808992906935
2021-11-12,0.43510511967812704
2021-11-15,0.4292977830712319
2021-11-16,0.428340137865157
2021-11-17,0.4319331893510401
2021-11-18,0.4338269633464664
2021-11-19,0.4375792722063572
2021-11-22,0.4316229513321703
2021-11-23,0.4253243079357172
2021-11-24,0.43040397633962413
2021-11-26,0.445229442362018
2021-11-29,0.44370803450969487
2021-11-30,0.4501220516903861
2021-12-01,0.4502064249160984
2021-12-02,0.44815044078297395
2021-12-03,0.45481841027748793
2021-12-06,0.45026341824502447
2021-12-07,0.44625639002522766
2021-12-08,0.44131590154649003
2021-12-09,0.4432624673127463
2021-12-10,0.44387315971217944
2021-12-13,0.44986998736757466
2021-12-14,0.4480523701925847
2021-12-15,0.4456103133219802
2021-12-16,0.4457741514753468
2021-12-17,0.449450275853823
2021-12-20,0.44734012669627155
2021-12-21,0.44488900112715624
2021-12-22,0.4465541086112004
2021-12-23,0.443348008022348
2021-12-27,0.4430571297836403
2021-12-28,0.44226944080587494
2021-12-29,0.43695838883873517
2021-12-30,0.44073090928604985
2021-12-31,0.44156332863726755
2022-01-03,0.4336346280843766
2022-01-04,0.4322592902007898
2022-01-05,0.428802537831916
2022-01-06,0.42724535484572
2022-01-07,0.42323597424548587
2022-01-10,0.42320493467224884
2022-01-11,0.426310823647702
2022-01-12,0.425247982513687
2022-01-13,0.42928511800891256
2022-01-14,0.423518561889489
2022-01-18,0.41686044611403217
2022-01-19,0.4213658265396294
2022-01-20,0.4234586254475736
2022-01-21,0.430741249391982
2022-01-24,0.42856101648368194
2022-01-25,0.42740326748039004
2022-01-26,0.421132600738531
2022-01-27,0.42718411632196074
2022-01-28,0.4289087007278556
2022-01-31,0.42773562655177755
2022-02-01,0.42490760385443327
2022-02-02,0.42767506686940315
2022-02-03,0.4231410831148683
2022-02-04,0.41563407250048834
2022-02-07,0.41667391686044497
2022-02-08,0.4126116424233399
2022-02-09,0.41332770261257634
2022-02-10,0.4026642874934083
2022-02-11,0.41467510945326924
2022-02-14,0.4068791649187138
2022-02-15,0.4029990631741327
2022-02-16,0.40606954923940486
2022-02-17,0.4110033877747108
2022-02-18,0.41455702602059885
2022-02-22,0.4142483618039656
2022-02-23,0.4081636307110994
2022-02-24,0.4085939456043597
2022-02-25,0.40954558371611993
2022-02-28,0.4244833231807994
2022-03-01,0.43225794065031
2022-03-02,0.4185811989145052
2022-03-03,0.4231083652194283
2022-03-04,0.4345744123176212
2022-03-07,0.42847298890448204
2022-03-08,0.42229363921423335
2022-03-09,0.4170635196504753
2022-03-10,0.41051317133817355
2022-03-11,0.41095425831637433
2022-03-14,0.40030794056381813
2022-03-15,0.40015508519775356
2022-03-16,0.40046660095068853
2022-03-17,0.3973463035655951
2022-03-18,0.40125511703512995
2022-03-21,0.3897817276820028
2022-03-22,0.38403021236805523
2022-03-23,0.39353226805388597
2022-03-24,0.38921087392364506
2022-03-25,0.3799834996473541
2022-03-28,0.3821077541936069
2022-03-29,0.38704860855570367
2022-03-30,0.3919362027675062
2022-03-31,0.39248835299049567
2022-04-01,0.38837380526830145
2022-04-04,0.3867597077906686
2022-04-05,0.37450922512592477
2022-04-06,0.37104585719071315
2022-04-07,0.36842612957853227
2022-04-08,0.36172065306603307
2022-04-11,0.3566944481330554
2022-04-12,0.36022615140986747
2022-04-13,0.36144120409170033
2022-04-14,0.3538590324389177
2022-04-18,0.3514275875723747
2022-04-19,0.344096948776871
2022-04-20,0.3563060882208131
2022-04-21,0.3495490199334612
2022-04-22,0.3483848317650424
2022-04-25,0.3548920223052452
2022-04-26,0.36300567119832516
2022-04-27,0.3572075102741883
2022-04-28,0.3560589925088993
2022-04-29,0.34855130534857026
2022-05-02,0.33990401346845367
2022-05-03,0.34197794746996224
2022-05-04,0.34729259206585605
2022-05-05,0.3346719515139642
2022-05-06,0.3290684661393677
2022-05-09,0.3363004124054998
2022-05-10,0.34040959987316777
2022-05-11,0.3464453735638964
2022-05-12,0.347857359893573
2022-05-13,0.34408654499478497
2022-05-16,0.34658415959089983
2022-05-17,0.3402161994455126
2022-05-18,0.34985319772305923
2022-05-19,0.35254960382988654
2022-05-20,0.3584026803197722
2022-05-23,0.35314376236492984
2022-05-24,0.3648662162458878
2022-05-25,0.36704963904876675
2022-05-26,0.36580332550193173
2022-05-27,0.36690472822067877
2022-05-31,0.3588020882096361
2022-06-01,0.3535408781577687
2022-06-02,0.3545463027921938
2022-06-03,0.35281564649893404
2022-06-06,0.34609752818581296
2022-06-07,0.35080826156583256
2022-06-08,0.34640457273552716
2022-06-09,0.34604041799861385
2022-06-10,0.33771267495203605
2022-06-13,0.32247800715200947
2022-06-14,0.3148604849548089
2022-06-15,0.3294672843968427
2022-06-16,0.3353698363093176
2022-06-17,0.33590555617317586
2022-06-21,0.3284698272298521
2022-06-22,0.3443696083889225
2022-06-23,0.348569980990441
2022-06-24,0.34370599961333226
2022-06-27,0.33912715330071186
2022-06-28,0.3396273530710614
2022-06-29,0.3480983881158588
2022-06-30,0.3557745388254443
2022-07-01,0.3630060464262741
2022-07-05,0.3662221426018688
2022-07-06,0.3563216627848673
2022-07-07,0.35203497344791623
2022-07-08,0.3451878233204655
2022-07-11,0.3543307458371201
2022-07-12,0.3572597595415914
2022-07-13,0.36021663794168113
2022-07-14,0.3559623763741304
2022-07-15,0.3592571416389525
2022-07-18,0.35460634134936053
2022-07-19,0.35065063107815253
2022-07-20,0.35134336123786425
2022-07-21,0.3625203646397277
2022-07-22,0.3752431753016827
2022-07-25,0.37001212672108985
2022-07-26,0.37049721854048245
2022-07-27,0.3712780070998636
2022-07-28,0.3802378500299062
2022-07-29,0.3798867234364114
2022-08-01,0.3858367665210296
2022-08-02,0.37426768573639846
2022-08-03,0.38011770196431716
2022-08-04,0.3836296528232068
2022-08-05,0.37084550878818834
2022-08-08,0.3773475812362266
2022-08-09,0.37426643586560093
2022-08-10,0.3730900983467591
2022-08-11,0.36440298318065834
2022-08-12,0.3693919221958093
2022-08-15,0.371859577777798
2022-08-16,0.3719845857022652
2022-08-17,0.3647466225496203
2022-08-18,0.36726225287214587
2022-08-19,0.35904566310069685
2022-08-22,0.3549098661797454
2022-08-23,0.35284899570775186
2022-08-24,0.3485483775230813
2022-08-25,0.35562494317136384
2022-08-26,0.356199141534834
2022-08-29,0.3511989872469661
2022-08-30,0.35105630004694466
2022-08-31,0.3466633441214917
2022-09-01,0.3388942822244998
2022-09-02,0.34460172179980164
2022-09-06,0.33546062182243097
2022-09-07,0.3446254016192434
2022-09-08,0.340375751747956
2022-09-09,0.3393401295043552
2022-09-12,0.33703331499491407
2022-09-13,0.3316842792822128
2022-09-14,0.3313527499738884
2022-09-15,0.3281246268579425
2022-09-16,0.3266651369484028
2022-09-19,0.3251104398673146
2022-09-20,0.32008350927772145
2022-09-21,0.32483794034980895
2022-09-22,0.31422158154936874
2022-09-23,0.31443873783781795
2022-09-26,0.3043509211630444
2022-09-27,0.2946968526511293
2022-09-28,0.3174109446209741
2022-09-29,0.313369306594822
2022-09-30,0.3087692027351079
2022-10-03,0.3172596451515799
2022-10-04,0.3175449054821051
2022-10-05,0.31062511389208636
2022-10-06,0.30667409584441385
2022-10-07,0.3012382616765714
2022-10-11,0.3033362021534929
2022-10-12,0.3064239970194311
2022-10-13,0.3009414800748538
2022-10-14,0.29684599332200956
2022-10-17,0.29707460671698716
2022-10-18,0.30051690704605183
2022-10-19,0.29053159054773525
2022-10-20,0.2829477915515308
2022-10-21,0.2791934089830721
2022-10-24,0.2766277835932227
2022-10-25,0.2909760590290946
2022-10-26,0.2971897334060245
2022-10-27,0.3043737365531969
2022-10-28,0.2983620836695158
2022-10-31,0.294508754899091
2022-11-01,0.29328319784741086
2022-11-02,0.2909566434705424
2022-11-03,0.2872167877365859
2022-11-04,0.2842739393047282
2022-11-07,0.2794906234640402
2022-11-08,0.2868169129517564
2022-11-09,0.2897523463677396
2022-11-10,0.3165532827520272
2022-11-14,0.3146237983141089
2022-11-15,0.32181830272111966
2022-11-16,0.33082217721847074
2022-11-17,0.3260110599849255
2022-11-18,0.32217095527608275
2022-11-21,0.3225611272058806
2022-11-22,0.3285009147042781
2022-11-23,0.33541425781378775
2022-11-25,0.3352246288948588
2022-11-28,0.33605685600126556
2022-11-29,0.3316597248892379
2022-11-30,0.3392506333567742
2022-12-01,0.3526404336107616
2022-12-02,0.355949147222669
2022-12-05,0.3483303755486744
2022-12-06,0.3535392412032332
2022-12-07,0.36447966115868
2022-12-08,0.3602291618993827
2022-12-09,0.350707829614598
2022-12-12,0.3507985179439581
2022-12-13,0.36040022774781355
2022-12-14,0.36341550853683224
2022-12-15,0.3633502684682519
2022-12-16,0.3600495266672594
2022-12-19,0.35405931577567973
2022-12-20,0.34621669998928395
2022-12-21,0.347691679819379
2022-12-22,0.3475494619627
2022-12-23,0.3420393347859647
2022-12-27,0.3350537835969183
2022-12-28,0.3328598056572123
2022-12-29,0.337737427975479
2022-12-30,0.33250276515817534
2023-01-03,0.34134438469089234
2023-01-04,0.34845626558342957
2023-01-05,0.34803662154799975
2023-01-06,0.36130367792400175
2023-01-09,0.36473545424320086
2023-01-10,0.35764120975277813
2023-01-11,0.364920113671811
2023-01-12,0.37701293225965427
2023-01-13,0.3713562672785349
2023-01-17,0.3698833941403292
2023-01-18,0.38572578275102964
2023-01-19,0.38324067739965195
2023-01-20,0.3747196230012284
2023-01-23,0.3719764910066712
2023-01-24,0.378251168246718
2023-01-25,0.37971946532327094
2023-01-26,0.37624799354110006
2023-01-27,0.37459915941248556
2023-01-30,0.3716155493037847
2023-01-31,0.376939397449213
2023-02-01,0.3829799220773218
2023-02-02,0.38363473193507525
2023-02-03,0.37383369196431593
2023-02-06,0.36627219232203734
2023-02-07,0.36384779232815845
2023-02-08,0.3660903380130076
2023-02-09,0.36172019708087944
2023-02-10,0.3562796059051514
2023-02-13,0.36035717874344564
2023-02-14,0.35603245696067276
2023-02-15,0.35193534726588593
2023-02-16,0.3475826338096639
2023-02-17,0.3513220435453126
2023-02-21,0.3427791621465379
2023-02-22,0.34602205828251575
2023-02-23,0.35015363504135344
2023-02-24,0.3416979723071869
2023-02-27,0.3442613790915299
2023-02-28,0.34496221065177646
2023-03-01,0.3347229353090042
2023-03-02,0.3303511463274129
2023-03-03,0.34160198869590386
2023-03-06,0.339216922303579
2023-03-07,0.3392723958095365
2023-03-08,0.3390253439582658
2023-03-09,0.3449956413732298
2023-03-10,0.36818897165474085
2023-03-13,0.3837015136452968
2023-03-14,0.3744069819149529
2023-03-15,0.3918516473804914
2023-03-16,0.3831928908840887
2023-03-17,0.3940458960421549
2023-03-20,0.3903328394485768
2023-03-21,0.38234873134607983
2023-03-22,0.3954665565316742
2023-03-23,0.40053061203423157
2023-03-24,0.4024345699844052
2023-03-27,0.3910937241819339
2023-03-28,0.38979912492625113
2023-03-29,0.3882512758277148
2023-03-30,0.39030918631046774
2023-03-31,0.3987524174211965
2023-04-03,0.39864864109932596
2023-04-04,0.4053988650952651
2023-04-05,0.41124302961354786
2023-04-06,0.41131513890112115
2023-04-10,0.40078841086940353
2023-04-11,0.4004105900978381
2023-04-12,0.40271573580051445
2023-04-13,0.39976209000445806
2023-04-14,0.39371964037461393
2023-04-17,0.3872439591009431
2023-04-18,0.3887254961980451
2023-04-19,0.38671252102706033
2023-04-20,0.39330546876224015
2023-04-21,0.3903409008689718
2023-04-24,0.39556378319206
2023-04-25,0.4086561044619732
2023-04-26,0.4034900402414612
2023-04-27,0.39705534927114794
2023-04-28,0.40559008133846697
2023-05-01,0.392284982372169
2023-05-02,0.40830407618111186
2023-05-03,0.4148695168065053
2023-05-04,0.41415020467712016
2023-05-05,0.40801976370707926
2023-05-08,0.4006523586176509
2023-05-09,0.3990187500873592
2023-05-10,0.4083599215157132
2023-05-11,0.4127646435487906
2023-05-12,0.4066711929910083
2023-05-15,0.40292769174589305
2023-05-16,0.39979247461163947
2023-05-17,0.39664482621745334
2023-05-18,0.3909911712480967
2023-05-19,0.3863250451031668
2023-05-22,0.38474404140882856
2023-05-23,0.3856247327189044
2023-05-24,0.38234733752664174
2023-05-25,0.3769302504844849
2023-05-26,0.3780618785209726
2023-05-30,0.38798989658684446
2023-05-31,0.39366336194151463
2023-06-01,0.39445367993418934
2023-06-02,0.3873395498112455
2023-06-05,0.38731950140763205
2023-06-06,0.38835624182353
2023-06-07,0.38020701639361665
2023-06-08,0.3875627088361213
2023-06-09,0.3842347911728283
2023-06-12,0.3865600524708097
2023-06-13,0.3787961733609917
2023-06-14,0.3808322844747489
2023-06-15,0.3886029735563059
2023-06-16,0.3846280541628391
2023-06-20,0.3879807572185754
2023-06-21,0.38940893098912843
2023-06-22,0.3839046097296006
2023-06-23,0.3878967168892391
2023-06-26,0.38965827486091476
2023-06-27,0.38607576843914604
2023-06-28,0.38999317786902954
2023-06-29,0.3813676275056055
2023-06-30,0.38538751593781284
2023-07-03,0.3774297253695862
2023-07-05,0.3721734838848687
2023-07-06,0.366191686662219
2023-07-07,0.36515951532934343
2023-07-10,0.3702239347143561
2023-07-11,0.3712636823923072
2023-07-12,0.38236076557597487
2023-07-13,0.3921272186476459
2023-07-14,0.38696344343479017
2023-07-17,0.3882845709868459
2023-07-18,0.3897536577789025
2023-07-19,0.39472701621563666
2023-07-20,0.3882702860558602
2023-07-21,0.38858056654623563
2023-07-24,0.3856976481866774
2023-07-25,0.3844838450416588
2023-07-26,0.3871988773455506
2023-07-27,0.3789592559502071
2023-07-28,0.38249670972046124
2023-07-31,0.38437618519863004
2023-08-01,0.37269889264459044
2023-08-02,0.36996353640699664
2023-08-03,0.36425866596644974
2023-08-04,0.3769391077375488
2023-08-07,0.37426142039324395
2023-08-08,0.3799701157921924
2023-08-09,0.38105275029289176
2023-08-10,0.37343729537542436
2023-08-11,0.3691306542769064
2023-08-14,0.3676794571667812
2023-08-15,0.36528948482663526
2023-08-16,0.36120998119095016
2023-08-17,0.3605481174491312
2023-08-18,0.3624543951450707
2023-08-21,0.35720367365561945
2023-08-22,0.35874303525090667
2023-08-23,0.37279733429512585
2023-08-24,0.3694010444815543
2023-08-25,0.3694725254623845
2023-08-28,0.37099796043991495
2023-08-29,0.3796480606216943
2023-08-30,0.37908766959858053
2023-08-31,0.3819553083616962
2023-09-01,0.37114480793250526
2023-09-05,0.36632119630225923
2023-09-06,0.3649341891081235
2023-09-07,0.36838163519877587
2023-09-08,0.36915337591236486
2023-09-11,0.36694955362511483
2023-09-12,0.3682279956611547
2023-09-13,0.36988516196180243
2023-09-14,0.3669139860315709
2023-09-15,0.36371676647191875
2023-09-18,0.3652616592063185
2023-09-19,0.36126895390644487
2023-09-20,0.36086333927723513
2023-09-21,0.35504626016112706
2023-09-22,0.3600742631891438
2023-09-25,0.353708755308759
2023-09-26,0.35245561937886216
2023-09-27,0.3482323665759217
2023-09-28,0.35144306880529563
2023-09-29,0.3513263367455952
2023-10-02,0.34169705323693167
2023-10-03,0.33535827333533574
2023-10-04,0.34328521033020576
2023-10-05,0.34393912516423564
2023-10-06,0.3376090192208019
2023-10-10,0.3355979897137644
2023-10-11,0.3435409884281415
2023-10-12,0.3354657738181006
2023-10-13,0.34412079861723566
2023-10-16,0.33633593143886253
2023-10-17,0.3290087293030619
2023-10-18,0.3243406787095897
2023-10-19,0.3189034750647861
2023-10-20,0.32576867062943426
2023-10-23,0.3313974648110729
2023-10-24,0.3340572251713252
2023-10-25,0.3273128856370495
2023-10-26,0.33703752936351483
2023-10-27,0.3371277983704164
2023-10-30,0.3344473665191692
2023-10-31,0.33238808543551257
2023-11-01,0.34184684812881994
2023-11-02,0.35024015332931224
2023-11-03,0.3582811258952161
2023-11-06,0.3532480847419721
2023-11-07,0.3601617153113874
2023-11-08,0.36582504768178814
2023-11-09,0.3574402627492961
2023-11-10,0.3587568972983608
2023-11-13,0.35907875279298107
2023-11-14,0.3759762436861793
2023-11-15,0.3694787467059768
2023-11-16,0.3769685385470649
2023-11-17,0.377557926474156
2023-11-20,0.3799638896503472
2023-11-21,0.38094276237556013
2023-11-22,0.38140524098070583
2023-11-24,0.3755866971994004
2023-11-27,0.383663847430989
2023-11-28,0.3873283728853474
2023-11-29,0.39457086275401787
2023-11-30,0.39162860874514904
2023-12-01,0.39891554692454534
2023-12-04,0.39500221750511444
2023-12-05,0.4051063343169823
2023-12-06,0.4105274195949431
2023-12-07,0.40876452422694176
2023-12-08,0.4028072355805292
2023-12-11,0.402285219238369
2023-12-12,0.40480535072822765
2023-12-13,0.42352036607635446
2023-12-14,0.4313343932750955
2023-12-15,0.4302848332054665
2023-12-18,0.42699725170592684
2023-12-19,0.42926854538611137
2023-12-20,0.435450321783754
2023-12-21,0.43313591031409615
2023-12-22,0.4327378178723329
2023-12-26,0.4338024488772705
2023-12-27,0.4435574889720073
2023-12-28,0.44013352516484905
2023-12-29,0.4372045645268188
2024-01-02,0.433508565759799
2024-01-03,0.43592126163372336
2024-01-04,0.4304528901560907
2024-01-05,0.42540506109474197
2024-01-08,0.4309253703505225
2024-01-09,0.4302250714295779
2024-01-10,0.42872960041848307
2024-01-11,0.43352666369751325
2024-01-12,0.4370990638763188
2024-01-16,0.4297603926400426
2024-01-17,0.42589394505828326
2024-01-18,0.4227535279427215
2024-01-19,0.4230713233471983
2024-01-22,0.4265684180279383
2024-01-23,0.42344230452618214
2024-01-24,0.41970921676801853
2024-01-25,0.4253200552507945
2024-01-26,0.4235102339297918
2024-01-29,0.4309352617457993
2024-01-30,0.43317848122572133
2024-01-31,0.44243709700370726
2024-02-01,0.4489855991404841
2024-02-02,0.4379104626229706
2024-02-05,0.4289774152364103
2024-02-06,0.4360286090297836
2024-02-07,0.4336364564351205
2024-02-08,0.4301969114575883
2024-02-09,0.42811330734416453
2024-02-12,0.42890708721042414
2024-02-13,0.4185342603351059
2024-02-14,0.42320440772958867
2024-02-15,0.42642384708865877
2024-02-16,0.42196838507682966
2024-02-20,0.4237665367498986
2024-02-21,0.41957609214914826
2024-02-22,0.42061007156013375
2024-02-23,0.42566138077001336
2024-02-26,0.4239882443389258
2024-02-27,0.421232424927803
2024-02-28,0.4250570865314445
2024-02-29,0.4285413424619948
2024-03-01,0.4304578843055673
2024-03-04,0.42769974001382005
2024-03-05,0.4364265512882488
2024-03-06,0.43950061028459686
2024-03-07,0.4417238749722423
2024-03-08,0.4421376417824887
2024-03-11,0.44092901194171574
2024-03-12,0.43668770402602597
2024-03-13,0.4341087048269523
2024-03-14,0.42792371158081366
2024-03-15,0.4261463579871658
2024-03-18,0.4248649158405018
2024-03-19,0.42815145462589843
2024-03-20,0.43027389550445405
2024-03-21,0.4311451229921004
2024-03-22,0.4374935926951251
2024-03-25,0.4347561364003256
2024-03-26,0.4362161082600262
2024-03-27,0.44127008755908737
2024-03-28,0.44036344372783565
2024-04-01,0.4278537879066602
2024-04-02,0.425513533386525
2024-04-03,0.42605016694345843
2024-04-04,0.43120439569349744
2024-04-05,0.42521185999434485
